-- MySQL dump 10.13  Distrib 8.0.30, for macos12 (x86_64)
--
-- Host: localhost    Database: unidata
-- ------------------------------------------------------
-- Server version	8.0.32

/*!40101 SET @OLD_CHARACTER_SET_CLIENT=@@CHARACTER_SET_CLIENT */;
/*!40101 SET @OLD_CHARACTER_SET_RESULTS=@@CHARACTER_SET_RESULTS */;
/*!40101 SET @OLD_COLLATION_CONNECTION=@@COLLATION_CONNECTION */;
/*!50503 SET NAMES utf8 */;
/*!40103 SET @OLD_TIME_ZONE=@@TIME_ZONE */;
/*!40103 SET TIME_ZONE='+00:00' */;
/*!40014 SET @OLD_UNIQUE_CHECKS=@@UNIQUE_CHECKS, UNIQUE_CHECKS=0 */;
/*!40014 SET @OLD_FOREIGN_KEY_CHECKS=@@FOREIGN_KEY_CHECKS, FOREIGN_KEY_CHECKS=0 */;
/*!40101 SET @OLD_SQL_MODE=@@SQL_MODE, SQL_MODE='NO_AUTO_VALUE_ON_ZERO' */;
/*!40111 SET @OLD_SQL_NOTES=@@SQL_NOTES, SQL_NOTES=0 */;

--
-- Table structure for table `_prisma_migrations`
--

DROP TABLE IF EXISTS `_prisma_migrations`;
/*!40101 SET @saved_cs_client     = @@character_set_client */;
/*!50503 SET character_set_client = utf8mb4 */;
CREATE TABLE `_prisma_migrations` (
  `id` varchar(36) COLLATE utf8mb4_unicode_ci NOT NULL,
  `checksum` varchar(64) COLLATE utf8mb4_unicode_ci NOT NULL,
  `finished_at` datetime(3) DEFAULT NULL,
  `migration_name` varchar(255) COLLATE utf8mb4_unicode_ci NOT NULL,
  `logs` text COLLATE utf8mb4_unicode_ci,
  `rolled_back_at` datetime(3) DEFAULT NULL,
  `started_at` datetime(3) NOT NULL DEFAULT CURRENT_TIMESTAMP(3),
  `applied_steps_count` int unsigned NOT NULL DEFAULT '0',
  PRIMARY KEY (`id`)
) ENGINE=InnoDB DEFAULT CHARSET=utf8mb4 COLLATE=utf8mb4_unicode_ci;
/*!40101 SET character_set_client = @saved_cs_client */;

--
-- Dumping data for table `_prisma_migrations`
--

LOCK TABLES `_prisma_migrations` WRITE;
/*!40000 ALTER TABLE `_prisma_migrations` DISABLE KEYS */;
INSERT INTO `_prisma_migrations` VALUES ('0a83815d-ebbc-4404-8a57-4cf91c58005a','4604c4680b55fb58943714e4d68cf8c38d608ced9b26929689c0f551a4039ce5','2025-01-05 13:52:07.065','20250105135207_corectiifurnizori',NULL,NULL,'2025-01-05 13:52:07.052',1),('0afa8d79-4f9e-4f1c-be49-0887b84d8dca','1220b79181b4b0cf1a2d93be3b6ad3bd10c903ab2a02e6c74b1bbac0e9ee0e07','2024-11-22 18:24:08.628','20241122182408_ordonantari',NULL,NULL,'2024-11-22 18:24:08.607',1),('18a0a74d-15ec-4ddd-b117-97c186f3e457','48c0bbee5f5053d9669dc9ea8e9d359cf94550696055769ce05f96584f63e07f','2024-10-22 15:22:48.316','20241022101947_bugete',NULL,NULL,'2024-10-22 15:22:48.301',1),('1e98fb81-175b-4a67-8419-0f8a09d79b13','27b156ac9516dd135026b8dd77098d121477fc726954b11802ce6bd3b357fe52','2024-10-18 08:59:02.762','20241018085902_institutie',NULL,NULL,'2024-10-18 08:59:02.759',1),('2186420e-9a18-4538-9dca-26a2310edaf8','12c853a8756511279e48c4faa4a0c594e1b029dbf5fb06fbfc74fb0bfc6cfc48','2024-11-28 17:09:07.712','20241128170907_ordonantaricuviza',NULL,NULL,'2024-11-28 17:09:07.706',1),('262db86e-8947-4aba-95f0-ee80908aaeee','427e39798b3f14a70f11275f181b50ea00dad9961eee212f8768c48a9b0b8070','2024-10-18 16:12:49.458','20241018161249_completare_surse',NULL,NULL,'2024-10-18 16:12:49.453',1),('3dd7fbab-e63b-46b4-8eab-c3724690dcd6','d354695fb45c800e12926d00cfb49d770ad05ad3102ac0bea42d02141031a6b7','2024-10-18 15:31:45.403','20241018153145_surse',NULL,NULL,'2024-10-18 15:31:45.399',1),('3e12d0fc-f1e6-477f-bda2-5e71c7ca4cc2','555cc068f0b39e07e0c1a65c4db8b020e9ce6ad8b8684fce246bd41469d7334a','2024-11-16 16:48:07.734','20241116164807_receptii',NULL,NULL,'2024-11-16 16:48:07.711',1),('3e82d72c-f48a-4f58-a5d0-6e1b38f73331','bdc2db52deae965d351c8687a769bf9bb00a252105ecaf30820022826c5b048c','2024-12-20 21:34:02.444','20241220092255_plati',NULL,NULL,'2024-12-20 21:34:02.404',1),('510ac8c1-c38e-4d29-b4c0-068176f503b2','a3ed98efedf55bd1124ff743e98f4d386cb1e7c60320df4f7304a6264a9eb1b0','2024-10-10 19:53:28.247','20241010102919_nume',NULL,NULL,'2024-10-10 19:53:28.243',1),('5eade940-a723-4777-be75-eaeeb17b065d','b131b0696aad7663abc6a63709d0f7c6e390154758d9f74202c90ad22c5e4f5b','2024-10-26 16:45:33.743','20241026164533_angajamente',NULL,NULL,'2024-10-26 16:45:33.709',1),('6d7f7c98-d32a-45a7-8190-06cddd42b95f','5b6f70a166c85111a2b8eb14a5880aa39219ca3cf0cfc01954b16e8ca576c341','2024-10-20 15:44:16.495','20241020154416_categorii',NULL,NULL,'2024-10-20 15:44:16.471',1),('7188000a-c958-456f-ae3c-79654497094f','3e005688ac4767e1021991fa2aa24a50b28d17ca3ce8a4e5cd88743deb062cab','2024-10-14 15:56:36.965','20241014110417_auth',NULL,NULL,'2024-10-14 15:56:36.955',1),('765d3c0c-efc4-4d07-8ca6-9fb3cb9c3a43','6ef8f98ff6f0fc9a86de1dcda726ac71cff42334c27edba290c968c97389899b','2024-10-19 15:27:32.065','20241019152732_compartimente',NULL,NULL,'2024-10-19 15:27:32.057',1),('8bcec25c-1cad-446b-930f-eec355f9ed4a','098b90dcb4c749fde070be27a01a1a03060770625b7e6953076f1463c8ada32e','2024-10-10 19:53:28.242','20241010100938_prima',NULL,NULL,'2024-10-10 19:53:28.221',1),('9dc94479-02c9-40c0-bbfe-54d35000b6a3','38596baa8f8fbf9bbe95c1d40c403ab1b688c802bf194668e7dddfd0418ba0a9','2024-11-24 14:55:02.027','20241124145502_ordonantaristare',NULL,NULL,'2024-11-24 14:55:02.023',1),('af65c3d7-9ae8-4178-a468-bfcb966c8c7d','9c906932bf4318f0317a604cd7ad0ee45e4167c37d062c8bee7dfda5c3142bbf','2024-10-22 15:22:48.322','20241022102854_bugeteplus',NULL,NULL,'2024-10-22 15:22:48.316',1),('b1cfa467-bfba-4ca6-baae-91b597674ce4','7fee801f360f8da1809c47107433f0b94144ca351049bd80d527403647874719','2024-10-24 16:14:07.187','20241024161407_furnizori',NULL,NULL,'2024-10-24 16:14:07.183',1),('b91fd5cd-c9d8-414c-a4e8-e3a8b80c70e2','edfffe06bd60100cffeb1dba8e5bb6938449975ae69c48878ece29f0b7b8cd6a','2024-11-21 17:44:06.750','20241121113523_receptiicunrfact',NULL,NULL,'2024-11-21 17:44:06.744',1),('c9a901ff-d211-439a-8a74-5f17c13cf1ea','1eba0f787d6b9194405fdf26b7f1b07faa9e392932277b03d9ccd22a9e4c0483','2024-12-15 17:52:09.395','20241215175209_facturi_primite',NULL,NULL,'2024-12-15 17:52:09.337',1),('d53e5635-0377-43b3-baf8-0b903079921b','8bb710290b7219acaeefb56562d052c77ea33e4d8d6b343874fe482b5160dff9','2024-10-25 11:14:08.383','20241025111408_regviza',NULL,NULL,'2024-10-25 11:14:08.379',1),('e63e7b87-cdef-4eee-b2f0-a7b4a453a308','5d220fb08c891349e9e89f8e3c692de8f184d69de5a97952b7c43668ffca6811','2024-10-19 14:36:28.553','20241019143628_articole',NULL,NULL,'2024-10-19 14:36:28.549',1),('f49b5b6d-20a5-408a-8fcd-1d831a6d7afd','bddcc39198ce220bd1c7f2cd6cbf6145c8ca0b6b1dd1d3b0f7bad77b678bc4f1','2024-10-16 19:36:06.794','20241016193606_session_active',NULL,NULL,'2024-10-16 19:36:06.791',1),('f623bf8e-1276-4fcc-8894-b4c380350bdc','1a5a19a0e89b2fdbfa9ca49db2b56333e9a794a76dfb8ebdf7087ae63e6a9ee9','2024-10-17 08:59:53.072','20241017085953_numeunic',NULL,NULL,'2024-10-17 08:59:53.063',1),('f8451343-20ae-4376-888a-b835cc560482','66b315784d23aaa4beb693faacb35b396da5433baa4753cdde52841c6a0f2790','2024-11-01 17:08:54.163','20241101170854_vizaang',NULL,NULL,'2024-11-01 17:08:54.158',1),('ff1c39c4-6220-4292-b0be-26f5407996d9','91574f55f7f8eba8589c4d834f15dfb2a4ade6cebc59e4a1cf94e5f129cb7bfb','2024-10-16 19:34:08.009','20241016193407_sessions',NULL,NULL,'2024-10-16 19:34:08.002',1);
/*!40000 ALTER TABLE `_prisma_migrations` ENABLE KEYS */;
UNLOCK TABLES;

--
-- Table structure for table `Angajamente`
--

DROP TABLE IF EXISTS `Angajamente`;
/*!40101 SET @saved_cs_client     = @@character_set_client */;
/*!50503 SET character_set_client = utf8mb4 */;
CREATE TABLE `Angajamente` (
  `id` int NOT NULL AUTO_INCREMENT,
  `numar` varchar(191) COLLATE utf8mb4_unicode_ci NOT NULL,
  `data` datetime(3) NOT NULL DEFAULT CURRENT_TIMESTAMP(3),
  `idCategorie` int NOT NULL,
  `idCompartiment` int NOT NULL,
  `descriere` text COLLATE utf8mb4_unicode_ci NOT NULL,
  `exercitiuBugetar` int NOT NULL,
  `created_at` datetime(3) NOT NULL DEFAULT CURRENT_TIMESTAMP(3),
  `updated_at` datetime(3) NOT NULL,
  PRIMARY KEY (`id`),
  UNIQUE KEY `Angajamente_numar_key` (`numar`),
  KEY `Angajamente_exercitiuBugetar_idCompartiment_idx` (`exercitiuBugetar`,`idCompartiment`),
  KEY `Angajamente_idCategorie_exercitiuBugetar_idx` (`idCategorie`,`exercitiuBugetar`),
  KEY `Angajamente_idCompartiment_fkey` (`idCompartiment`),
  CONSTRAINT `Angajamente_idCategorie_fkey` FOREIGN KEY (`idCategorie`) REFERENCES `Categorii` (`id`) ON DELETE RESTRICT ON UPDATE CASCADE,
  CONSTRAINT `Angajamente_idCompartiment_fkey` FOREIGN KEY (`idCompartiment`) REFERENCES `compartimente` (`id`) ON DELETE RESTRICT ON UPDATE CASCADE
) ENGINE=InnoDB AUTO_INCREMENT=9 DEFAULT CHARSET=utf8mb4 COLLATE=utf8mb4_unicode_ci;
/*!40101 SET character_set_client = @saved_cs_client */;

--
-- Dumping data for table `Angajamente`
--

LOCK TABLES `Angajamente` WRITE;
/*!40000 ALTER TABLE `Angajamente` DISABLE KEYS */;
/*!40000 ALTER TABLE `Angajamente` ENABLE KEYS */;
UNLOCK TABLES;

--
-- Table structure for table `articolebugetare`
--

DROP TABLE IF EXISTS `articolebugetare`;
/*!40101 SET @saved_cs_client     = @@character_set_client */;
/*!50503 SET character_set_client = utf8mb4 */;
CREATE TABLE `articolebugetare` (
  `id` int NOT NULL AUTO_INCREMENT,
  `denumire` varchar(255) COLLATE utf8mb4_unicode_ci NOT NULL,
  `cod` varchar(64) COLLATE utf8mb4_unicode_ci NOT NULL,
  `iban` varchar(24) COLLATE utf8mb4_unicode_ci DEFAULT NULL,
  `codang` varchar(24) COLLATE utf8mb4_unicode_ci DEFAULT NULL,
  `indicator` varchar(24) COLLATE utf8mb4_unicode_ci DEFAULT NULL,
  `stare` varchar(24) COLLATE utf8mb4_unicode_ci DEFAULT 'activ',
  `created_at` datetime NOT NULL DEFAULT CURRENT_TIMESTAMP,
  `updated_at` datetime(3) DEFAULT NULL,
  PRIMARY KEY (`id`)
) ENGINE=InnoDB AUTO_INCREMENT=135 DEFAULT CHARSET=utf8mb4 COLLATE=utf8mb4_unicode_ci;
/*!40101 SET character_set_client = @saved_cs_client */;

--
-- Dumping data for table `articolebugetare`
--

LOCK TABLES `articolebugetare` WRITE;
/*!40000 ALTER TABLE `articolebugetare` DISABLE KEYS */;
INSERT INTO `articolebugetare` VALUES (3,'SALARII DE BAZA','10.01.01','RO09TREZ23F660601100101X','00000000000','AAB','activ','2025-01-04 19:27:47',NULL),(4,'SALARII DE MERIT','10.01.02','RO25TREZ23F660601100102X','00000000000','AAB','activ','2025-01-04 19:52:14',NULL),(5,'INDEMNIZATIE DE CONDUCERE','10.01.03','RO41TREZ23F660601100103X','00000000000','AAB','activ','2025-01-04 19:52:14',NULL),(6,'SPOR DE VECHIME','10.01.04','RO57TREZ23F660601100104X','00000000000','AAB','activ','2025-01-04 19:52:14',NULL),(7,'SPORURI PENTRU CONDITII DE MUNCA','10.01.05','RO73TREZ23F660601100105X','00000000000','AAB','activ','2025-01-04 19:52:14',NULL),(8,'ALTE SPORURI','10.01.06','RO89TREZ23F660601100106X','00000000000','AAB','activ','2025-01-04 19:52:14',NULL),(9,'ORE SUPLIMENTARE','10.01.07','RO08TREZ23F660601100107X','00000000000','AAB','activ','2025-01-04 19:52:14',NULL),(10,'FOND DE PREMII','10.01.08','RO24TREZ23F660601100108X','00000000000','AAB','activ','2025-01-04 19:52:14',NULL),(11,'PRIMA DE VACANTA','10.01.09','RO40TREZ23F660601100109X','00000000000','AAB','activ','2025-01-04 19:52:14',NULL),(12,'FOND PENTRU POSTURI OCUPATE PRIN CUMUL','10.01.10','RO56TREZ23F660601100110X','00000000000','AAB','activ','2025-01-04 19:52:14',NULL),(13,'FOND AFERENT PLATII CU ORA','10.01.11','RO72TREZ23F660601100111X','00000000000','AAB','activ','2025-01-04 19:52:14',NULL),(14,'INDEMNIZATII PLATITE UNOR PERSOANE DIN AFARA UNITATII','10.01.12','RO88TREZ23F660601100112X','00000000000','AAB','activ','2025-01-04 19:52:14',NULL),(15,'INDEMNIZATII DE DELEGARE','10.01.13','RO07TREZ23F660601100113X','00000000000','AAB','activ','2025-01-04 19:52:14',NULL),(16,'INDEMNIZATII DE DETASARE','10.01.14','RO23TREZ23F660601100114X','00000000000','AAB','activ','2025-01-04 19:52:14',NULL),(17,'ALOCATII PENTRU TRANSPORTUL LA SI DE LA LOCUL DE MUNCA','10.01.15','RO39TREZ23F660601100115X','00000000000','AAB','activ','2025-01-04 19:52:14',NULL),(18,'ALOCATII PENTRU LOCUINTE','10.01.16','RO55TREZ23F660601100116X','00000000000','AAB','activ','2025-01-04 19:52:14',NULL),(19,'ALTE DREPTURI SALARIALE IN BANI','10.01.30','RO85TREZ23F660601100130X','00000000000','AAB','activ','2025-01-04 19:52:14',NULL),(20,'TICHETE DE MASA','10.02.01','RO57TREZ23F660601100201X','00000000000','AAB','activ','2025-01-04 19:52:14',NULL),(21,'NORME DE HRANA','10.02.02','RO73TREZ23F660601100202X','00000000000','AAB','activ','2025-01-04 19:52:14',NULL),(22,'UNIFORME SI ECHIPAMENT OBLIGATORIU','10.02.03','RO89TREZ23F660601100203X','00000000000','AAB','activ','2025-01-04 19:52:14',NULL),(23,'VOUCHER','10.02.06','RO08TREZ23F660601100204X','00000000000','AAB','activ','2025-01-04 19:52:14',NULL),(24,'TRANSPORTUL LA SI DE LA LOCUL DE MUNCA','10.02.05','RO24TREZ23F660601100205X','00000000000','AAB','activ','2025-01-04 19:52:14',NULL),(25,'ALTE DREPTURI SALARIALE IN NATURA','10.02.30','RO36TREZ23F660601100230X','00000000000','AAB','activ','2025-01-04 19:52:14',NULL),(26,'CONTRIBUTII DE ASIGURARI SOCIALE DE STAT','10.03.01','RO08TREZ23F660601100301X','00000000000','AAB','activ','2025-01-04 19:52:14',NULL),(27,'CONTRIBUTII DE ASIGURARI DE SOMAJ','10.03.02','RO24TREZ23F660601100302X','00000000000','AAB','activ','2025-01-04 19:52:14',NULL),(28,'CONTRIBUTII DE ASIGURARI SOCIALE DE SANATATE','10.03.03','RO40TREZ23F660601100303X','00000000000','AAB','activ','2025-01-04 19:52:14',NULL),(29,'CONTRIBUTII DE ASIGURARI PENTRU ACCIDENTE DE MUNCA SI BOLI PROFESIONALE','10.03.04','RO56TREZ23F660601100304X','00000000000','AAB','activ','2025-01-04 19:52:14',NULL),(30,'PRIME DE ASIGURARE VIATA PLATITE DE ANGAJATOR PENTRU ANGAJATI','10.03.05','RO72TREZ23F660601100305X','00000000000','AAB','activ','2025-01-04 19:52:14',NULL),(31,'FURNITURI DE BIROU','20.01.01','RO91TREZ23F660601200101X','00000000000','AAB','activ','2025-01-04 19:52:14',NULL),(32,'MATERIALE PENTRU CURATENIE','20.01.02','RO10TREZ23F660601200102X','00000000000','AAB','activ','2025-01-04 19:52:14',NULL),(33,'INCALZIT, ILUMINAT SI FORTA MOTRICA','20.01.03','RO26TREZ23F660601200103X','00000000000','AAB','activ','2025-01-04 19:52:14',NULL),(34,'APA, CANAL SI SALUBRITATE','20.01.04','RO42TREZ23F660601200104X','00000000000','AAB','activ','2025-01-04 19:52:14',NULL),(35,'CARBURANTI SI LUBRIFIANTI','20.01.05','RO58TREZ23F660601200105X','00000000000','AAB','activ','2025-01-04 19:52:14',NULL),(36,'PIESE DE SCHIMB','20.01.06','RO74TREZ23F660601200106X','00000000000','AAB','activ','2025-01-04 19:52:14',NULL),(37,'TRANSPORT','20.01.07','RO90TREZ23F660601200107X','00000000000','AAB','activ','2025-01-04 19:52:14',NULL),(38,'POSTA, TELECOMUNICATII, RADIO, TV, INTERNET','20.01.08','RO09TREZ23F660601200108X','00000000000','AAB','activ','2025-01-04 19:52:14',NULL),(39,'MATERIALE SI PRESTARI DE SERVICII CU CARACTER FUNCTIONAL','20.01.09','RO25TREZ23F660601200109X','00000000000','AAB','activ','2025-01-04 19:52:14',NULL),(40,'ALTE BUNURI SI SERVICII PENTRU INTRETINERE SI FUNCTIONARE','20.01.30','RO70TREZ23F660601200130X','00000000000','AAB','activ','2025-01-04 19:52:14',NULL),(41,'REPARATII CURENTE','20.02','RO26TREZ23F660601200200X','00000000000','AAB','activ','2025-01-04 19:52:14',NULL),(42,'HRANA PENTRU OAMENI','20.03.01','RO90TREZ23F660601200301X','00000000000','AAB','activ','2025-01-04 19:52:14',NULL),(43,'HRANA PENTRU ANIMALE','20.03.02','RO09TREZ23F660601200302X','00000000000','AAB','activ','2025-01-04 19:52:14',NULL),(44,'MEDICAMENTE','20.04.01','RO41TREZ23F660601200401X','00000000000','AAB','activ','2025-01-04 19:52:14',NULL),(45,'MATERIALE SANITARE','20.04.02','RO57TREZ23F660601200402X','00000000000','AAB','activ','2025-01-04 19:52:14',NULL),(46,'REACTIVI','20.04.03','RO73TREZ23F660601200403X','00000000000','AAB','activ','2025-01-04 19:52:14',NULL),(47,'DEZINFECTANTI','20.04.04','RO89TREZ23F660601200404X','00000000000','AAB','activ','2025-01-04 19:52:14',NULL),(48,'UNIFORME SI ECHIPAMENT','20.05.01','RO89TREZ23F660601200501X','00000000000','AAB','activ','2025-01-04 19:52:14',NULL),(49,'LENJERIE SI ACCESORII DE PAT','20.05.03','RO24TREZ23F660601200503X','00000000000','AAB','activ','2025-01-04 19:52:14',NULL),(50,'ALTE OBIECTE DE INVENTAR','20.05.30','RO68TREZ23F660601200530X','00000000000','AAB','activ','2025-01-04 19:52:14',NULL),(98,'DEPLASARI INTERNE, DETASARI, TRANSFERARI','20.06.01','RO40TREZ23F660601200601X','00000000000','AAB','activ','2025-01-04 19:52:26',NULL),(99,'DEPLASARI IN STRAINATATE','20.06.02','RO56TREZ23F660601200602X','00000000000','AAB','activ','2025-01-04 19:52:26',NULL),(100,'MATERIALE DE LABORATOR','20.09','RO71TREZ23F660601200900X','00000000000','AAB','activ','2025-01-04 19:52:26',NULL),(101,'CERCETARE-DEZVOLTARE','20.10','RO22TREZ23F660601201000X','00000000000','AAB','activ','2025-01-04 19:52:26',NULL),(102,'CARTI, PUBLICATII SI MATERIALE DOCUMENTARE','20.11','RO70TREZ23F660601201100X','00000000000','AAB','activ','2025-01-04 19:52:26',NULL),(103,'CONSULTANTA SI EXPERTIZA','20.12','RO21TREZ23F660601201200X','00000000000','AAB','activ','2025-01-04 19:52:26',NULL),(104,'PREGATIRE PROFESIONALA','20.13','RO69TREZ23F660601201300X','00000000000','AAB','activ','2025-01-04 19:52:26',NULL),(105,'PROTECTIA MUNCII','20.14','RO20TREZ23F660601201400X','00000000000','AAB','activ','2025-01-04 19:52:26',NULL),(106,'MUNITIE, FURNITURI SI ARMAMENT DE NATURA ACTIVELOR FIXE PENTRU ARMATA','20.15','RO68TREZ23F660601201500X','00000000000','AAB','activ','2025-01-04 19:52:26',NULL),(107,'STUDII SI CERCETARI','20.16','RO19TREZ23F660601201600X','00000000000','AAB','activ','2025-01-04 19:52:26',NULL),(108,'PLATI PENTRU FINANTAREA PATRIMONIULUI GENETIC AL ANIMALELOR','20.18','RO18TREZ23F660601201800X','00000000000','AAB','activ','2025-01-04 19:52:26',NULL),(109,'CONTRIBUTII ALE ADMINISTRATIEI PUBLICE LOCALE LA REALIZAREA UNOR LUCRARI SI SERV','20.19','RO66TREZ23F660601201900X','00000000000','AAB','activ','2025-01-04 19:52:26',NULL),(110,'REABILITARE INFRASTRUCTURA PROGRAM INUNDATII PENTRU AUTORITATI PUBLICE LOCALE','20.20','RO17TREZ23F660601202000X','00000000000','AAB','activ','2025-01-04 19:52:26',NULL),(111,'METEOROLOGIE','20.21','RO65TREZ23F660601202100X','00000000000','AAB','activ','2025-01-04 19:52:26',NULL),(112,'FINANTAREA ACTIUNILOR DIN DOMENIUL APELOR','20.22','RO16TREZ23F660601202200X','00000000000','AAB','activ','2025-01-04 19:52:26',NULL),(113,'PREVENIREA SI COMBATEREA INUNDATIILOR SI INGHETURILOR','20.23','RO64TREZ23F660601202300X','00000000000','AAB','activ','2025-01-04 19:52:26',NULL),(114,'COMISIOANE SI ALTE COSTURI AFERENTE IMPRUMUTURILOR EXTERNE','20.24.01','RO31TREZ23F660601202401X','00000000000','AAB','activ','2025-01-04 19:52:26',NULL),(115,'COMISIOANE SI ALTE COSTURI AFERENTE IMPRUMUTURILOR INTERNE','20.24.02','RO47TREZ23F660601202402X','00000000000','AAB','activ','2025-01-04 19:52:26',NULL),(116,'STABILIREA RISCULUI DE TARA','20.24.03','RO63TREZ23F660601202403X','00000000000','AAB','activ','2025-01-04 19:52:26',NULL),(117,'CHELTUIELI JUDICIARE SI EXTRAJUDICIARE DERIVATE DIN ACTIUNI IN REPREZENTAREA INT','20.25','RO63TREZ23F660601202500X','00000000000','AAB','activ','2025-01-04 19:52:26',NULL),(118,'RECLAMA SI PUBLICITATE','20.30.01','RO28TREZ23F660601203001X','00000000000','AAB','activ','2025-01-04 19:52:26',NULL),(119,'PROTOCOL SI REPREZENTARE','20.30.02','RO44TREZ23F660601203002X','00000000000','AAB','activ','2025-01-04 19:52:26',NULL),(120,'PRIME DE ASIGURARE NON-VIATA','20.30.03','RO60TREZ23F660601203003X','00000000000','AAB','activ','2025-01-04 19:52:26',NULL),(121,'CHIRII','20.30.04','RO76TREZ23F660601203004X','00000000000','AAB','activ','2025-01-04 19:52:26',NULL),(122,'PRESTARI SERVICII PENTRU TRANSMITEREA DREPTURILOR','20.30.06','RO11TREZ23F660601203006X','00000000000','AAB','activ','2025-01-04 19:52:26',NULL),(123,'FONDUL PRESEDINTELUI/FONDUL CONDUCATORULUI INSTITUTIEI PUBLICE','20.30.07','RO27TREZ23F660601203007X','00000000000','AAB','activ','2025-01-04 19:52:26',NULL),(124,'FONDUL PRIMULUI MINISTRU','20.30.08','RO43TREZ23F660601203008X','00000000000','AAB','activ','2025-01-04 19:52:26',NULL),(125,'EXECUTAREA SILITA A CREANTELOR BUGETARE','20.30.09','RO59TREZ23F660601203009X','00000000000','AAB','activ','2025-01-04 19:52:26',NULL),(126,'ALTE CHELTUIELI CU BUNURI SI SERVICII','20.30.30','RO07TREZ23F660601203030X','00000000000','AAB','activ','2025-01-04 19:52:26',NULL),(127,'CONSTRUCTII','71.01.01','RO63TREZ23F660601710101X','00000000000','AAB','activ','2025-01-04 19:52:26',NULL),(128,'MASINI, ECHIPAMENTE SI MIJLOACE DE TRANSPORT','71.01.02','RO79TREZ23F660601710102X','00000000000','AAB','activ','2025-01-04 19:52:26',NULL),(129,'MOBILIER, APARATURA BIROTICA SI ALTE ACTIVE CORPORALE','71.01.03','RO95TREZ23F660601710103X','00000000000','AAB','activ','2025-01-04 19:52:26',NULL),(130,'ALTE ACTIVE FIXE','71.01.30','RO42TREZ23F660601710130X','00000000000','AAB','activ','2025-01-04 19:52:26',NULL),(131,'REZERVE DE STAT SI DE MOBILIZARE','71.02.01','RO14TREZ23F660601710201X','00000000000','AAB','activ','2025-01-04 19:52:26',NULL),(132,'CONTRIBUTIE CAM','10.03.07','RO14TREZ23F660601710201X','00000000000','AAB','activ','2025-01-04 19:52:26',NULL),(133,'AJUTOARE SOCIALE','57.02.02','RO14TREZ23F660601710201X','00000000000','AAB','activ','2025-01-04 19:52:26',NULL),(134,'VETERANI','57.02.01','RO14TREZ23F660601710201X','00000000000','AAB','activ','2025-01-04 19:52:26',NULL);
/*!40000 ALTER TABLE `articolebugetare` ENABLE KEYS */;
UNLOCK TABLES;

--
-- Table structure for table `Bugete`
--

DROP TABLE IF EXISTS `Bugete`;
/*!40101 SET @saved_cs_client     = @@character_set_client */;
/*!50503 SET character_set_client = utf8mb4 */;
CREATE TABLE `Bugete` (
  `id` int NOT NULL AUTO_INCREMENT,
  `idSursa` int NOT NULL,
  `idArticol` int NOT NULL,
  `explicatii` varchar(255) COLLATE utf8mb4_unicode_ci DEFAULT NULL,
  `trimI` decimal(15,2) NOT NULL DEFAULT '0.00',
  `trimII` decimal(15,2) NOT NULL DEFAULT '0.00',
  `trimIII` decimal(15,2) NOT NULL DEFAULT '0.00',
  `trimIV` decimal(15,2) NOT NULL DEFAULT '0.00',
  `total` decimal(15,2) NOT NULL DEFAULT '0.00',
  `created_at` datetime NOT NULL DEFAULT CURRENT_TIMESTAMP,
  `lastUpdated` datetime(3) NOT NULL,
  `codarticol` varchar(255) COLLATE utf8mb4_unicode_ci DEFAULT NULL,
  PRIMARY KEY (`id`),
  UNIQUE KEY `Bugete_idSursa_idArticol_key` (`idSursa`,`idArticol`),
  KEY `Bugete_idArticol_fkey` (`idArticol`),
  CONSTRAINT `Bugete_idArticol_fkey` FOREIGN KEY (`idArticol`) REFERENCES `articolebugetare` (`id`) ON DELETE RESTRICT ON UPDATE CASCADE,
  CONSTRAINT `Bugete_idSursa_fkey` FOREIGN KEY (`idSursa`) REFERENCES `sursefinantare` (`id`) ON DELETE RESTRICT ON UPDATE CASCADE
) ENGINE=InnoDB AUTO_INCREMENT=57 DEFAULT CHARSET=utf8mb4 COLLATE=utf8mb4_unicode_ci;
/*!40101 SET character_set_client = @saved_cs_client */;

--
-- Dumping data for table `Bugete`
--

LOCK TABLES `Bugete` WRITE;
/*!40000 ALTER TABLE `Bugete` DISABLE KEYS */;
INSERT INTO `Bugete` VALUES (4,1,3,NULL,0.00,0.00,0.00,0.00,0.00,'2025-01-06 12:32:12','2025-01-06 12:32:11.553',NULL),(5,1,7,NULL,0.00,0.00,0.00,0.00,0.00,'2025-01-06 12:32:21','2025-01-06 12:32:20.902',NULL),(6,1,13,NULL,0.00,0.00,0.00,0.00,0.00,'2025-01-06 12:32:39','2025-01-06 12:32:38.698',NULL),(7,1,15,NULL,0.00,0.00,0.00,0.00,0.00,'2025-01-06 12:32:55','2025-01-06 12:32:55.413',NULL),(8,1,19,NULL,0.00,0.00,0.00,0.00,0.00,'2025-01-06 12:33:16','2025-01-06 12:33:16.330',NULL),(9,1,23,NULL,0.00,0.00,0.00,0.00,0.00,'2025-01-06 12:34:07','2025-01-06 12:34:06.502',NULL),(10,1,26,NULL,0.00,0.00,0.00,0.00,0.00,'2025-01-06 12:34:29','2025-01-06 12:34:28.686',NULL),(11,1,132,NULL,0.00,0.00,0.00,0.00,0.00,'2025-01-06 12:36:02','2025-01-06 12:36:01.926',NULL),(12,1,31,NULL,0.00,0.00,0.00,0.00,0.00,'2025-01-06 12:49:55','2025-01-06 12:49:55.171',NULL),(13,1,32,NULL,0.00,0.00,0.00,0.00,0.00,'2025-01-06 12:50:13','2025-01-06 12:50:12.742',NULL),(14,1,33,NULL,0.00,0.00,0.00,0.00,0.00,'2025-01-06 12:50:28','2025-01-06 12:50:28.086',NULL),(15,1,34,NULL,0.00,0.00,0.00,0.00,0.00,'2025-01-06 12:50:40','2025-01-06 12:50:40.114',NULL),(16,1,35,NULL,0.00,0.00,0.00,0.00,0.00,'2025-01-06 12:50:54','2025-01-06 12:50:54.009',NULL),(17,1,36,NULL,0.00,0.00,0.00,0.00,0.00,'2025-01-06 12:51:15','2025-01-06 12:51:15.473',NULL),(18,1,38,NULL,0.00,0.00,0.00,0.00,0.00,'2025-01-06 12:51:25','2025-01-06 12:51:25.463',NULL),(19,1,39,NULL,0.00,0.00,0.00,0.00,0.00,'2025-01-06 12:51:39','2025-01-06 12:51:39.308',NULL),(20,1,40,NULL,0.00,0.00,0.00,0.00,0.00,'2025-01-06 12:51:56','2025-01-06 12:51:56.021',NULL),(21,1,41,NULL,0.00,0.00,0.00,0.00,0.00,'2025-01-06 12:52:11','2025-01-06 12:52:10.550',NULL),(22,1,42,NULL,0.00,0.00,0.00,0.00,0.00,'2025-01-06 12:52:45','2025-01-06 12:52:45.343',NULL),(23,1,44,NULL,0.00,0.00,0.00,0.00,0.00,'2025-01-06 12:52:58','2025-01-06 12:52:58.049',NULL),(24,1,45,NULL,0.00,0.00,0.00,0.00,0.00,'2025-01-06 12:53:09','2025-01-06 12:53:09.295',NULL),(25,1,46,NULL,0.00,0.00,0.00,0.00,0.00,'2025-01-06 12:53:27','2025-01-06 12:53:26.644',NULL),(26,1,47,NULL,0.00,0.00,0.00,0.00,0.00,'2025-01-06 12:53:38','2025-01-06 12:53:37.970',NULL),(27,1,48,NULL,0.00,0.00,0.00,0.00,0.00,'2025-01-06 12:54:06','2025-01-06 12:54:05.725',NULL),(28,1,49,NULL,0.00,0.00,0.00,0.00,0.00,'2025-01-06 12:54:27','2025-01-06 12:54:26.842',NULL),(29,1,50,NULL,0.00,0.00,0.00,0.00,0.00,'2025-01-06 12:54:46','2025-01-06 12:54:45.773',NULL),(30,1,98,NULL,0.00,0.00,0.00,0.00,0.00,'2025-01-06 12:55:12','2025-01-06 12:55:11.758',NULL),(31,1,102,NULL,0.00,0.00,0.00,0.00,0.00,'2025-01-06 13:01:36','2025-01-06 13:01:36.491',NULL),(32,1,104,NULL,0.00,0.00,0.00,0.00,0.00,'2025-01-06 13:01:50','2025-01-06 13:01:50.168',NULL),(33,1,105,NULL,0.00,0.00,0.00,0.00,0.00,'2025-01-06 13:02:01','2025-01-06 13:02:01.125',NULL),(34,1,120,NULL,0.00,0.00,0.00,0.00,0.00,'2025-01-06 13:07:26','2025-01-06 13:07:26.081',NULL),(35,1,121,NULL,0.00,0.00,0.00,0.00,0.00,'2025-01-06 13:08:22','2025-01-06 13:08:22.259',NULL),(36,1,126,NULL,0.00,0.00,0.00,0.00,0.00,'2025-01-06 13:08:32','2025-01-06 13:08:32.466',NULL),(37,1,128,NULL,0.00,0.00,0.00,0.00,0.00,'2025-01-06 13:09:23','2025-01-06 13:09:23.273',NULL),(38,1,130,NULL,0.00,0.00,0.00,0.00,0.00,'2025-01-06 13:09:35','2025-01-06 13:09:34.583',NULL),(39,2,3,NULL,0.00,0.00,0.00,0.00,0.00,'2025-01-06 13:53:50','2025-01-06 13:53:49.560',NULL),(40,2,7,NULL,0.00,0.00,0.00,0.00,0.00,'2025-01-06 13:54:23','2025-01-06 13:54:23.124',NULL),(41,2,13,NULL,0.00,0.00,0.00,0.00,0.00,'2025-01-06 13:54:50','2025-01-06 13:54:50.248',NULL),(42,2,19,NULL,0.00,0.00,0.00,0.00,0.00,'2025-01-06 13:55:20','2025-01-06 13:55:20.117',NULL),(43,2,21,NULL,0.00,0.00,0.00,0.00,0.00,'2025-01-06 13:55:38','2025-01-06 13:55:38.470',NULL),(44,2,22,NULL,0.00,0.00,0.00,0.00,0.00,'2025-01-06 13:56:01','2025-01-06 13:56:01.403',NULL),(45,2,23,NULL,0.00,0.00,0.00,0.00,0.00,'2025-01-06 13:56:14','2025-01-06 13:56:13.947',NULL),(46,2,24,NULL,0.00,0.00,0.00,0.00,0.00,'2025-01-06 13:56:33','2025-01-06 13:56:33.382',NULL),(47,2,25,NULL,0.00,0.00,0.00,0.00,0.00,'2025-01-06 13:56:51','2025-01-06 13:56:51.476',NULL),(48,2,132,NULL,0.00,0.00,0.00,0.00,0.00,'2025-01-06 13:57:12','2025-01-06 13:57:11.696',NULL),(49,2,39,NULL,0.00,0.00,0.00,0.00,0.00,'2025-01-06 14:27:42','2025-01-06 14:27:42.230',NULL),(50,2,44,NULL,0.00,0.00,0.00,0.00,0.00,'2025-01-06 14:28:02','2025-01-06 14:28:02.412',NULL),(51,2,45,NULL,0.00,0.00,0.00,0.00,0.00,'2025-01-06 14:28:17','2025-01-06 14:28:17.176',NULL),(52,2,46,NULL,0.00,0.00,0.00,0.00,0.00,'2025-01-06 14:28:30','2025-01-06 14:28:30.003',NULL),(53,2,48,NULL,0.00,0.00,0.00,0.00,0.00,'2025-01-06 14:28:54','2025-01-06 14:28:54.454',NULL),(54,2,126,NULL,0.00,0.00,0.00,0.00,0.00,'2025-01-06 14:29:21','2025-01-06 14:29:20.610',NULL),(55,2,134,NULL,0.00,0.00,0.00,0.00,0.00,'2025-01-06 14:29:37','2025-01-06 14:29:37.173',NULL),(56,2,127,NULL,0.00,0.00,0.00,0.00,0.00,'2025-01-06 14:29:48','2025-01-06 14:29:47.984',NULL);
/*!40000 ALTER TABLE `Bugete` ENABLE KEYS */;
UNLOCK TABLES;

--
-- Table structure for table `Categorii`
--

DROP TABLE IF EXISTS `Categorii`;
/*!40101 SET @saved_cs_client     = @@character_set_client */;
/*!50503 SET character_set_client = utf8mb4 */;
CREATE TABLE `Categorii` (
  `id` int NOT NULL AUTO_INCREMENT,
  `denumire` varchar(255) COLLATE utf8mb4_unicode_ci NOT NULL,
  `explicatii` text COLLATE utf8mb4_unicode_ci NOT NULL,
  `idsursa` int NOT NULL,
  `idarticol` int NOT NULL,
  `idcompartiment` int NOT NULL,
  `stare` varchar(24) COLLATE utf8mb4_unicode_ci DEFAULT 'activ',
  `created_at` datetime NOT NULL DEFAULT CURRENT_TIMESTAMP,
  `updated_at` datetime(3) DEFAULT NULL,
  PRIMARY KEY (`id`),
  KEY `Categorii_idsursa_fkey` (`idsursa`),
  KEY `Categorii_idarticol_fkey` (`idarticol`),
  KEY `Categorii_idcompartiment_fkey` (`idcompartiment`),
  CONSTRAINT `Categorii_idarticol_fkey` FOREIGN KEY (`idarticol`) REFERENCES `articolebugetare` (`id`) ON DELETE RESTRICT ON UPDATE CASCADE,
  CONSTRAINT `Categorii_idcompartiment_fkey` FOREIGN KEY (`idcompartiment`) REFERENCES `compartimente` (`id`) ON DELETE RESTRICT ON UPDATE CASCADE,
  CONSTRAINT `Categorii_idsursa_fkey` FOREIGN KEY (`idsursa`) REFERENCES `sursefinantare` (`id`) ON DELETE RESTRICT ON UPDATE CASCADE
) ENGINE=InnoDB AUTO_INCREMENT=253 DEFAULT CHARSET=utf8mb4 COLLATE=utf8mb4_unicode_ci;
/*!40101 SET character_set_client = @saved_cs_client */;

--
-- Dumping data for table `Categorii`
--

LOCK TABLES `Categorii` WRITE;
/*!40000 ALTER TABLE `Categorii` DISABLE KEYS */;
INSERT INTO `Categorii` VALUES (8,'Alimente','alim.',1,42,5,'activ','2025-01-05 15:05:53',NULL),(10,'Medicamente','medic.',1,44,6,'activ','2025-01-05 15:05:53',NULL),(12,'Energie el si gaze','energie electrica si gaze',1,33,1,'activ','2025-01-05 15:05:53',NULL),(14,'Servicii IT','serv.IT',1,39,3,'activ','2025-01-05 15:05:53',NULL),(16,'Servicii tel cablu','serv tel',1,39,9,'activ','2025-01-05 15:05:53',NULL),(17,'Asigurari','asig.',1,120,2,'activ','2025-01-05 15:05:53',NULL),(19,'Mat reparartii','mat rep',1,41,1,'activ','2025-01-05 15:05:53',NULL),(21,'APA Gunoi','apa gunoi',1,34,1,'activ','2025-01-05 15:05:53',NULL),(23,'Servicii cablu TV','cablu tv',1,38,9,'activ','2025-01-05 15:05:53',NULL),(25,'Materiale sanitare','mat sanit.',1,45,7,'activ','2025-01-05 15:05:53',NULL),(27,'Ob inv 7umentar','ob. inv. 7',1,50,7,'activ','2025-01-05 15:05:53',NULL),(28,'Chirie oxigen','chirie ap oxigen',1,121,7,'activ','2025-01-05 15:05:53',NULL),(29,'Transport oxigen','transp oxigen',1,126,7,'activ','2025-01-05 15:05:53',NULL),(31,'Furnituri birou','furnituri birou',1,31,9,'activ','2025-01-05 15:05:53',NULL),(33,'Materiale curatenie','mat curatenie',1,32,9,'activ','2025-01-05 15:05:53',NULL),(35,'Service rep frig.','service frig',1,39,9,'activ','2025-01-05 15:05:53',NULL),(37,'Servicii rep auto','serv, auto',1,39,2,'activ','2025-01-05 15:05:53',NULL),(39,'Servicii paza','serv paza',2,39,2,'activ','2025-01-05 15:05:53',NULL),(41,'Telefonie','serv. telefonie',1,38,2,'activ','2025-01-05 15:05:53',NULL),(43,'Consumabile PC','cons. pc',1,31,3,'activ','2025-01-05 15:05:53',NULL),(44,'Servicii analize lab','analize lab',1,126,4,'activ','2025-01-05 15:05:53',NULL),(45,'Transp oxigen','tp oxigen',1,126,6,'activ','2025-01-05 15:05:53',NULL),(47,'service instal frig','serv frig',1,39,5,'activ','2025-01-05 15:05:53',NULL),(49,'inspectii tehnice','insp tehnice asc.',1,40,1,'activ','2025-01-05 15:05:53',NULL),(51,'Mat. si serv caracter func','mat caracter funct',1,39,1,'activ','2025-01-05 15:05:53',NULL),(52,'Protectia muncii','protectia muncii',1,105,1,'activ','2025-01-05 15:05:53',NULL),(54,'Retete compensate','retete comp.',2,44,6,'activ','2025-01-05 15:05:53',NULL),(56,'Carburanti lubrif','carb. lubrifianti',1,35,2,'activ','2025-01-05 15:05:53',NULL),(58,'Mat curatenie','mat. curatenie',1,32,2,'activ','2025-01-05 15:05:53',NULL),(60,'Reactivi 4 VP','reactivi lab',1,46,4,'activ','2025-01-05 15:05:53',NULL),(62,'Reactivi BUGET','reactivi lab',2,46,4,'activ','2025-01-05 15:05:53',NULL),(64,'Tarife si taxe','tarife si taxe',1,40,12,'activ','2025-01-05 15:05:53',NULL),(66,'Materiale curatenie','mat. curatenie',1,32,5,'activ','2025-01-05 15:05:53',NULL),(68,'Mater. curatenie','mat. curatenie',1,32,9,'activ','2025-01-05 15:05:53',NULL),(70,'Materiale curatenie','mat curatenie',1,32,1,'activ','2025-01-05 15:05:53',NULL),(72,'Mat si servicii car. func','mat serv car func',1,39,1,'activ','2025-01-05 15:05:53',NULL),(74,'Dezinfectanti','dezinf',1,47,7,'activ','2025-01-05 15:05:53',NULL),(76,'Service aparatura','service ap. med.',1,39,12,'activ','2025-01-05 15:05:53',NULL),(78,'Piese schimb','piese schimb',1,36,12,'activ','2025-01-05 15:05:53',NULL),(80,'Timbre postale','timbre',1,38,9,'activ','2025-01-05 15:05:53',NULL),(82,'ob inv IT','ob. inv. IT',1,50,3,'activ','2025-01-05 15:05:53',NULL),(84,'Alte materiale','alte mat',1,40,1,'activ','2025-01-05 15:05:53',NULL),(86,'Anunturi','anunturi',1,39,9,'activ','2025-01-05 15:05:53',NULL),(87,'Pregatire profesionala','preg prof',1,104,1,'activ','2025-01-05 15:05:53',NULL),(89,'Lucrari demolare','lucr demolare',2,39,1,'activ','2025-01-05 15:05:53',NULL),(91,'Energie el si gaze TRANSF','energie el. si gaze Trans',2,33,1,'activ','2025-01-05 15:05:53',NULL),(93,'Apa Gunoi Transf','apa',2,34,1,'activ','2025-01-05 15:05:53',NULL),(95,'Uniforme','uniforme',1,48,9,'activ','2025-01-05 15:05:53',NULL),(96,'Alte bunuri si serv','alte bunuri si serv',1,126,1,'activ','2025-01-05 15:05:53',NULL),(98,'Obiecte inventar ','ob inv 1',1,50,1,'activ','2025-01-05 15:05:53',NULL),(100,'ob. inv. echip','ob. inv. echip',1,50,9,'activ','2025-01-05 15:05:53',NULL),(102,'ob inv MRH','ob. inv. mrh',1,50,5,'activ','2025-01-05 15:05:53',NULL),(104,'Ob inv Tehnic','ob inv tehnic',1,50,2,'activ','2025-01-05 15:05:53',NULL),(105,'Chirii','chirii',1,121,1,'activ','2025-01-05 15:05:53',NULL),(107,'Piese de schimb IT','piese schimb',1,36,3,'activ','2025-01-05 15:05:53',NULL),(109,'Piese de schimb caz.','piese de schimb',1,36,1,'activ','2025-01-05 15:05:53',NULL),(111,'Servicii retea voce','servicii ',1,39,2,'activ','2025-01-05 15:05:53',NULL),(112,'Servicii auditare','servicii ',1,126,9,'activ','2025-01-05 15:05:53',NULL),(114,'Ob. inv echip.','ob. inv',1,50,9,'activ','2025-01-05 15:05:53',NULL),(115,'Carti public.','publicatii',1,102,9,'activ','2025-01-05 15:05:53',NULL),(116,'Transport','transp',1,126,9,'activ','2025-01-05 15:05:53',NULL),(118,'Deratizare','deratizare',1,40,7,'activ','2025-01-05 15:05:53',NULL),(119,'Consumabile','consumabile',1,126,5,'activ','2025-01-05 15:05:53',NULL),(121,'piese auto','piese auto',1,36,2,'activ','2025-01-05 15:05:53',NULL),(122,'Investitii MRH','investitii',1,128,5,'activ','2025-01-05 15:05:53',NULL),(124,'Lenjerie accesorii','lenjerie',1,49,9,'activ','2025-01-05 15:05:53',NULL),(125,'Aparatura medicala','aparatura med.',1,128,7,'activ','2025-01-05 15:05:53',NULL),(126,'audit alim','audit alim.',1,126,5,'activ','2025-01-05 15:05:53',NULL),(127,'abon publicatii','abonamente publicatii',1,102,9,'activ','2025-01-05 15:05:53',NULL),(128,'Investitii tehnic','investitii  tehnic',1,128,2,'activ','2025-01-05 15:05:53',NULL),(130,'Mat sanit T','mat sanit',2,45,7,'activ','2025-01-05 15:05:53',NULL),(132,'Dezinfectanti T','dezinfectanti',2,47,7,'activ','2025-01-05 15:05:53',NULL),(134,'Verificari metrologice','verif. metrologice',1,40,5,'activ','2025-01-05 15:05:53',NULL),(135,'Pregatire prof.','preg. prof.',1,104,9,'activ','2025-01-05 15:05:53',NULL),(136,'Investitii IT','echip. IT',1,128,3,'activ','2025-01-05 15:05:53',NULL),(138,'Depanare TV','depanare TV',1,39,9,'activ','2025-01-05 15:05:53',NULL),(139,'Aparatura med. TRANSF','ap medicala',2,128,7,'activ','2025-01-05 15:05:53',NULL),(140,'Investitii 1','inv. 1',1,128,1,'activ','2025-01-05 15:05:53',NULL),(142,'Obiecte inventar','ob. inv. 12',1,50,12,'activ','2025-01-05 15:05:53',NULL),(143,'Servicii funerare','serv. funerare',1,126,2,'activ','2025-01-05 15:05:53',NULL),(145,'Verifcari metrologice','verif. metrologice',1,40,9,'activ','2025-01-05 15:05:53',NULL),(146,'Mijloace fixe birotica','mijl. fixe IT',1,129,3,'activ','2025-01-05 15:05:53',NULL),(147,'Taxe si cotizatii','taxe diverse',1,126,15,'activ','2025-01-05 15:05:53',NULL),(149,'Taxe diverse','taxe diverse',1,40,15,'activ','2025-01-05 15:05:53',NULL),(150,'diverse','t, diverse',1,126,15,'activ','2025-01-05 15:05:53',NULL),(152,'9 cadre','echip cadre',2,22,9,'activ','2025-01-05 15:05:53',NULL),(153,'MIjloace fixe CONTAINER','mijl. fixe container',1,130,1,'activ','2025-01-05 15:05:53',NULL),(154,'Investitii TEHNIC','mijl. fixe tehn.',2,128,2,'activ','2025-01-05 15:05:53',NULL),(155,'Bunuri si servicii','bunuri si servicii',1,126,9,'activ','2025-01-05 15:05:53',NULL),(156,'Asigurari malpraxis','asig malpraxis',1,120,15,'activ','2025-01-05 15:05:53',NULL),(158,'Raticide','raticide',1,40,2,'activ','2025-01-05 15:05:53',NULL),(159,'Servicii medicale','serv. med.',1,126,10,'activ','2025-01-05 15:05:53',NULL),(160,'cursuri','cursuri preg. prof.',1,104,10,'activ','2025-01-05 15:05:53',NULL),(162,'Deseuri medicamente','deseuri med.',1,34,6,'activ','2025-01-05 15:05:53',NULL),(163,'Investitii','investitii',1,128,12,'activ','2025-01-05 15:05:53',NULL),(165,'Casare med.','casare med',1,39,6,'activ','2025-01-05 15:05:53',NULL),(167,'Casare mat sanit','casare mat sanit',1,39,7,'activ','2025-01-05 15:05:53',NULL),(168,'Proiecte lucr. constructii','proiecte lucr. constr.',2,127,1,'activ','2025-01-05 15:05:53',NULL),(170,'Retete comp pens.mil','retete compensate',2,44,6,'activ','2025-01-05 15:05:53',NULL),(172,'Servicii paza T','servicii paza',2,39,2,'activ','2025-01-05 15:05:53',NULL),(174,'Serv medicale(medicamente)','servicii diverse',1,44,15,'activ','2025-01-05 15:05:53',NULL),(176,'Ob. inventar','obiecte inv.',1,49,15,'activ','2025-01-05 15:05:53',NULL),(177,'Mijloace fixe','mijloace fixe',1,128,15,'activ','2025-01-05 15:05:53',NULL),(179,'Materiale sanitare T','mat. sanit. T',2,45,7,'activ','2025-01-05 15:05:53',NULL),(181,'Reactivi T','reactivi T',2,46,7,'activ','2025-01-05 15:05:53',NULL),(183,'Dezinfectanti T','dezinf T',2,47,7,'activ','2025-01-05 15:05:53',NULL),(185,'Reactivi T','reactivi T',2,46,4,'activ','2025-01-05 15:05:53',NULL),(186,'INVESTITII TRANSF','mijl. fixe t.',2,128,1,'activ','2025-01-05 15:05:53',NULL),(187,'PROTECTIA MUNCII','prot muncii',1,105,15,'activ','2025-01-05 15:05:53',NULL),(188,'Salarii de baza','salarii de baza',1,3,8,'activ','2025-01-05 15:05:53',NULL),(190,'Sporuri cond munca','sporuri cond munca',1,7,8,'activ','2025-01-05 15:05:53',NULL),(192,'Plata cu ora','plata ora',1,13,8,'activ','2025-01-05 15:05:53',NULL),(194,'Indemnizatii delegare','indemnizatii delegare',1,15,8,'activ','2025-01-05 15:05:53',NULL),(196,'Alte drepturi salariale','alte drepturi salariale',1,19,8,'activ','2025-01-05 15:05:53',NULL),(198,'Contributii asig sociale','contrib asig sociale',1,26,8,'activ','2025-01-05 15:05:53',NULL),(199,'Salarii baza T','salarii baza T',2,3,8,'activ','2025-01-05 15:05:53',NULL),(201,'Sporuri T','sporuri T',2,7,8,'activ','2025-01-05 15:05:53',NULL),(203,'PLata ora T','plata ora T',2,13,8,'activ','2025-01-05 15:05:53',NULL),(205,'Alte drepturi T','alte drepturi T',2,19,8,'activ','2025-01-05 15:05:53',NULL),(207,'Norma de hrana T','norma de hrana',2,21,8,'activ','2025-01-05 15:05:53',NULL),(209,'Servicii paza','servicii paza',2,39,14,'activ','2025-01-05 15:05:53',NULL),(211,'obiecte de inventar','7um.- ob.de inventar',1,50,11,'activ','2025-01-05 15:05:53',NULL),(213,'Serv. telefonie','telefonie',1,38,3,'activ','2025-01-05 15:05:53',NULL),(214,'Chirii','chirii oxigen',1,121,11,'activ','2025-01-05 15:05:53',NULL),(215,'Transport','transport',1,98,8,'activ','2025-01-05 15:05:53',NULL),(217,'Vouchere','vouchere',1,23,8,'activ','2025-01-05 15:05:53',NULL),(219,'Vouchere T','vouchere',2,23,8,'activ','2025-01-05 15:05:53',NULL),(221,'9 T','9',2,22,8,'activ','2025-01-05 15:05:53',NULL),(223,'Transp T','transport',2,24,8,'activ','2025-01-05 15:05:53',NULL),(225,'Chirii T','chirii',2,25,8,'activ','2025-01-05 15:05:53',NULL),(226,'CAM','CAM',1,132,8,'activ','2025-01-05 15:05:53',NULL),(227,'CAM T','CAM',2,132,8,'activ','2025-01-05 15:05:53',NULL),(228,'Ajutoare sociale in numerar','veterani',2,134,8,'activ','2025-01-05 15:05:53',NULL),(230,'Inspectii','inspectii',1,40,13,'activ','2025-01-05 15:05:53',NULL),(231,'Certificate digitale','semn. electronica',1,126,3,'activ','2025-01-05 15:05:53',NULL),(233,'anunturi','publicare anunturi',1,39,10,'activ','2025-01-05 15:05:53',NULL),(235,'uniforme si echipam.Tr.','uniforme si echipam.',2,48,9,'activ','2025-01-05 15:05:53',NULL),(236,'investitii T','aparatura med',2,128,12,'activ','2025-01-05 15:05:53',NULL),(237,'cursuri T','cursuri T',2,104,10,'activ','2025-01-05 15:05:53',NULL),(239,'TRANSPORT T','transp. T',2,37,1,'activ','2025-01-05 15:05:53',NULL),(240,'INVESTITII POLITRAUMA','lucr. investitii',2,127,1,'activ','2025-01-05 15:05:53',NULL),(241,'Asigurari malpraxis','asigurari',1,120,15,'activ','2025-01-05 15:05:53',NULL),(243,'Alte taxe','alte taxe',1,40,15,'activ','2025-01-05 15:05:53',NULL),(244,'Protectia muncii','taxe prot. muncii',1,105,13,'activ','2025-01-05 15:05:53',NULL),(245,'Pregatire profesionala','preg. profesionala',1,104,13,'activ','2025-01-05 15:05:53',NULL),(246,'Serv medicale Transferuri','serv med T',2,126,10,'activ','2025-01-05 15:05:53',NULL),(247,'Utilitati TGV Transferuri','utilitati T',2,126,1,'activ','2025-01-05 15:05:53',NULL),(249,'Analize TGV Transferuri','analize med',2,44,11,'activ','2025-01-05 15:05:53',NULL),(250,'Taxe si cotizatii T','taxe si cotizatii',2,126,15,'activ','2025-01-05 15:05:53',NULL),(251,'Investitii birotica','investitii m. fixe',1,129,3,'activ','2025-01-05 15:05:53',NULL),(252,'Investitii IT','investitii mijloace fixe',1,130,3,'activ','2025-01-05 15:05:53',NULL);
/*!40000 ALTER TABLE `Categorii` ENABLE KEYS */;
UNLOCK TABLES;

--
-- Table structure for table `compartimente`
--

DROP TABLE IF EXISTS `compartimente`;
/*!40101 SET @saved_cs_client     = @@character_set_client */;
/*!50503 SET character_set_client = utf8mb4 */;
CREATE TABLE `compartimente` (
  `id` int NOT NULL AUTO_INCREMENT,
  `denumire` varchar(255) COLLATE utf8mb4_unicode_ci NOT NULL,
  `idresponsabil` int NOT NULL,
  `stare` varchar(24) COLLATE utf8mb4_unicode_ci DEFAULT 'activ',
  `created_at` datetime NOT NULL DEFAULT CURRENT_TIMESTAMP,
  `updated_at` datetime(3) DEFAULT NULL,
  PRIMARY KEY (`id`),
  UNIQUE KEY `compartimente_idresponsabil_key` (`idresponsabil`),
  CONSTRAINT `compartimente_idresponsabil_fkey` FOREIGN KEY (`idresponsabil`) REFERENCES `users` (`id`) ON DELETE RESTRICT ON UPDATE CASCADE
) ENGINE=InnoDB AUTO_INCREMENT=16 DEFAULT CHARSET=utf8mb4 COLLATE=utf8mb4_unicode_ci;
/*!40101 SET character_set_client = @saved_cs_client */;

--
-- Dumping data for table `compartimente`
--

LOCK TABLES `compartimente` WRITE;
/*!40000 ALTER TABLE `compartimente` DISABLE KEYS */;
INSERT INTO `compartimente` VALUES (1,'CAZARMARE',3,'activ','2024-10-20 12:34:28','2024-10-20 12:34:27.927'),(2,'SAMT',2,'activ','2024-10-20 13:15:34','2024-10-20 13:15:34.282'),(3,'INFORMATICA',19,'activ','2025-01-04 18:44:23',NULL),(4,'LABORATOR',7,'activ','2025-01-04 18:44:23',NULL),(5,'ALIMENTE',8,'activ','2025-01-04 18:44:23',NULL),(6,'FARMACIE',9,'activ','2025-01-04 18:44:23',NULL),(7,'INSTRUMENTAR',10,'activ','2025-01-04 18:44:23',NULL),(8,'SALARIZARE',11,'activ','2025-01-04 18:44:23',NULL),(9,'ECHIPAMENT',12,'activ','2025-01-04 18:44:23',NULL),(10,'BRU',13,'activ','2025-01-04 18:44:23',NULL),(11,'LOGISTICA',14,'activ','2025-01-04 18:44:23',NULL),(12,'RAM',15,'activ','2025-01-04 18:44:23',NULL),(13,'SSM',16,'activ','2025-01-04 18:44:23',NULL),(14,'SECURITATE',18,'activ','2025-01-04 18:44:23',NULL),(15,'RMC',17,'activ','2025-01-04 18:44:23',NULL);
/*!40000 ALTER TABLE `compartimente` ENABLE KEYS */;
UNLOCK TABLES;

--
-- Table structure for table `FacturiPlati`
--

DROP TABLE IF EXISTS `FacturiPlati`;
/*!40101 SET @saved_cs_client     = @@character_set_client */;
/*!50503 SET character_set_client = utf8mb4 */;
CREATE TABLE `FacturiPlati` (
  `id` int NOT NULL AUTO_INCREMENT,
  `idFactura` int NOT NULL,
  `idPlata` int NOT NULL,
  `sumaAchitata` decimal(15,2) NOT NULL,
  `created_at` datetime NOT NULL DEFAULT CURRENT_TIMESTAMP,
  PRIMARY KEY (`id`),
  UNIQUE KEY `FacturiPlati_idFactura_idPlata_key` (`idFactura`,`idPlata`),
  KEY `FacturiPlati_idFactura_idx` (`idFactura`),
  KEY `FacturiPlati_idPlata_idx` (`idPlata`),
  CONSTRAINT `FacturiPlati_idFactura_fkey` FOREIGN KEY (`idFactura`) REFERENCES `FacturiPrimite` (`id`) ON DELETE RESTRICT ON UPDATE CASCADE,
  CONSTRAINT `FacturiPlati_idPlata_fkey` FOREIGN KEY (`idPlata`) REFERENCES `Plati` (`id`) ON DELETE RESTRICT ON UPDATE CASCADE
) ENGINE=InnoDB AUTO_INCREMENT=13 DEFAULT CHARSET=utf8mb4 COLLATE=utf8mb4_unicode_ci;
/*!40101 SET character_set_client = @saved_cs_client */;

--
-- Dumping data for table `FacturiPlati`
--

LOCK TABLES `FacturiPlati` WRITE;
/*!40000 ALTER TABLE `FacturiPlati` DISABLE KEYS */;
/*!40000 ALTER TABLE `FacturiPlati` ENABLE KEYS */;
UNLOCK TABLES;

--
-- Table structure for table `FacturiPrimite`
--

DROP TABLE IF EXISTS `FacturiPrimite`;
/*!40101 SET @saved_cs_client     = @@character_set_client */;
/*!50503 SET character_set_client = utf8mb4 */;
CREATE TABLE `FacturiPrimite` (
  `id` int NOT NULL AUTO_INCREMENT,
  `idFurnizor` int NOT NULL,
  `numarFactura` varchar(50) COLLATE utf8mb4_unicode_ci NOT NULL,
  `dataFactura` datetime(3) NOT NULL,
  `detaliiFactura` text COLLATE utf8mb4_unicode_ci,
  `valoare` decimal(15,2) NOT NULL,
  `idArticolBugetar` int DEFAULT NULL,
  `idSursaFinantare` int DEFAULT NULL,
  `idOrdonantare` int DEFAULT NULL,
  `idReceptie` int DEFAULT NULL,
  `idCompartiment` int DEFAULT NULL,
  `stare` varchar(24) COLLATE utf8mb4_unicode_ci NOT NULL DEFAULT 'activ',
  `tipDocument` enum('FACTURA','AVIZ','CHITANTA','ALTE_DOCUMENTE') COLLATE utf8mb4_unicode_ci NOT NULL DEFAULT 'FACTURA',
  `termenPlata` datetime(3) DEFAULT NULL,
  `statusPlata` enum('NEPLATITA','PARTIAL_PLATITA','PLATITA','ANULATA') COLLATE utf8mb4_unicode_ci NOT NULL DEFAULT 'NEPLATITA',
  `created_at` datetime NOT NULL DEFAULT CURRENT_TIMESTAMP,
  `updated_at` datetime(3) DEFAULT NULL,
  PRIMARY KEY (`id`),
  KEY `FacturiPrimite_idFurnizor_dataFactura_idx` (`idFurnizor`,`dataFactura`),
  KEY `FacturiPrimite_idArticolBugetar_idx` (`idArticolBugetar`),
  KEY `FacturiPrimite_idSursaFinantare_idx` (`idSursaFinantare`),
  KEY `FacturiPrimite_idOrdonantare_idx` (`idOrdonantare`),
  KEY `FacturiPrimite_idReceptie_idx` (`idReceptie`),
  KEY `FacturiPrimite_idCompartiment_fkey` (`idCompartiment`),
  CONSTRAINT `FacturiPrimite_idArticolBugetar_fkey` FOREIGN KEY (`idArticolBugetar`) REFERENCES `articolebugetare` (`id`) ON DELETE SET NULL ON UPDATE CASCADE,
  CONSTRAINT `FacturiPrimite_idCompartiment_fkey` FOREIGN KEY (`idCompartiment`) REFERENCES `compartimente` (`id`) ON DELETE SET NULL ON UPDATE CASCADE,
  CONSTRAINT `FacturiPrimite_idFurnizor_fkey` FOREIGN KEY (`idFurnizor`) REFERENCES `furnizori` (`id`) ON DELETE RESTRICT ON UPDATE CASCADE,
  CONSTRAINT `FacturiPrimite_idOrdonantare_fkey` FOREIGN KEY (`idOrdonantare`) REFERENCES `OrdonantariPlata` (`id`) ON DELETE SET NULL ON UPDATE CASCADE,
  CONSTRAINT `FacturiPrimite_idReceptie_fkey` FOREIGN KEY (`idReceptie`) REFERENCES `Receptii` (`id`) ON DELETE SET NULL ON UPDATE CASCADE,
  CONSTRAINT `FacturiPrimite_idSursaFinantare_fkey` FOREIGN KEY (`idSursaFinantare`) REFERENCES `sursefinantare` (`id`) ON DELETE SET NULL ON UPDATE CASCADE
) ENGINE=InnoDB AUTO_INCREMENT=11 DEFAULT CHARSET=utf8mb4 COLLATE=utf8mb4_unicode_ci;
/*!40101 SET character_set_client = @saved_cs_client */;

--
-- Dumping data for table `FacturiPrimite`
--

LOCK TABLES `FacturiPrimite` WRITE;
/*!40000 ALTER TABLE `FacturiPrimite` DISABLE KEYS */;
/*!40000 ALTER TABLE `FacturiPrimite` ENABLE KEYS */;
UNLOCK TABLES;

--
-- Table structure for table `furnizori`
--

DROP TABLE IF EXISTS `furnizori`;
/*!40101 SET @saved_cs_client     = @@character_set_client */;
/*!50503 SET character_set_client = utf8mb4 */;
CREATE TABLE `furnizori` (
  `id` int NOT NULL AUTO_INCREMENT,
  `id_user` int DEFAULT NULL,
  `denumire` varchar(120) COLLATE utf8mb4_unicode_ci NOT NULL,
  `regcom` varchar(120) COLLATE utf8mb4_unicode_ci DEFAULT NULL,
  `localitate` varchar(50) COLLATE utf8mb4_unicode_ci DEFAULT NULL,
  `judet` varchar(50) COLLATE utf8mb4_unicode_ci DEFAULT NULL,
  `codfiscal` varchar(13) COLLATE utf8mb4_unicode_ci NOT NULL,
  `banca` varchar(120) COLLATE utf8mb4_unicode_ci DEFAULT NULL,
  `iban` varchar(24) COLLATE utf8mb4_unicode_ci DEFAULT NULL,
  `tara` varchar(50) COLLATE utf8mb4_unicode_ci DEFAULT NULL,
  `perscontact` varchar(60) COLLATE utf8mb4_unicode_ci DEFAULT NULL,
  `platitortva` tinyint(1) NOT NULL DEFAULT '0',
  `adresa` varchar(120) COLLATE utf8mb4_unicode_ci DEFAULT NULL,
  `email` varchar(50) COLLATE utf8mb4_unicode_ci DEFAULT NULL,
  `telefon` varchar(20) COLLATE utf8mb4_unicode_ci DEFAULT NULL,
  `created_at` datetime NOT NULL DEFAULT CURRENT_TIMESTAMP,
  `updated_at` datetime(3) DEFAULT NULL,
  PRIMARY KEY (`id`)
) ENGINE=InnoDB AUTO_INCREMENT=2718 DEFAULT CHARSET=utf8mb4 COLLATE=utf8mb4_unicode_ci;
/*!40101 SET character_set_client = @saved_cs_client */;

--
-- Dumping data for table `furnizori`
--

LOCK TABLES `furnizori` WRITE;
/*!40000 ALTER TABLE `furnizori` DISABLE KEYS */;
INSERT INTO `furnizori` VALUES (1542,9,'Messer Romania','','RESITA','HUNEDOARA','10547308',NULL,'RO36TREZ0465041XXX000337',NULL,NULL,0,'STR. VANTULUI 16 B',NULL,NULL,'2025-01-05 16:36:53',NULL),(1543,9,'MESSER ROMANIA GAZ','','BUCURESTI','BUCURESTI','10547308',NULL,'RO67TREZ7005069XXX001966',NULL,NULL,0,'DRUMUL INTRE TARLALE 102-112',NULL,NULL,'2025-01-05 16:36:53',NULL),(1544,9,'ALLIANCE HEALTHCARE ROMANIA','','BUCURESTI','BUCURESTI','8955860',NULL,'RO83TREZ7005069XXX000708',NULL,NULL,0,'STR AMILCAR C SANDULESCU',NULL,NULL,'2025-01-05 16:36:53',NULL),(1545,9,'FARM ZOO STAR','','COSTESTI','ARGES','4227716',NULL,'RO90TREZ0465069XXX008053',NULL,NULL,0,' STR VICTORIEI ',NULL,NULL,'2025-01-05 16:36:53',NULL),(1546,9,'REVITAL ','','RM VILCEA','VILCEA','14902275',NULL,'RO10TREZ6715069XXX000910',NULL,NULL,0,'STR B-DUL TINERETULUI ',NULL,NULL,'2025-01-05 16:36:53',NULL),(1547,9,'FARM MIXT','','RM VILCEA','VILCEA','1473090',NULL,'RO53TREZ6715069XXX000815',NULL,NULL,0,'STR GENERAL MAGHERU NR 8',NULL,NULL,'2025-01-05 16:36:53',NULL),(1548,9,'FORTE VITA FARM','','PITESTI','ARGES','10082199',NULL,'RO59TREZ0465069XXX000366',NULL,NULL,0,'',NULL,NULL,'2025-01-05 16:36:53',NULL),(1549,9,'FARMED DISTRIBUTION','','PITESTI','ARGES','2518298',NULL,'RO59TREZ0465069XXX001530',NULL,NULL,0,'BL B1 PARTER CENTRU',NULL,NULL,'2025-01-05 16:36:53',NULL),(1550,9,'FARMACEUTICA  ARGESFARM','','PITESTI','ARGES','129022',NULL,'RO33TREZ0465069XXX000640',NULL,NULL,0,'STR BANAT NR 2',NULL,NULL,'2025-01-05 16:36:53',NULL),(1551,9,'HYPERICI FARM','','TARGOVISTE','DIMBOVITA','8492618',NULL,'RO76TREZ2715069XXX001339',NULL,NULL,0,'STR MAIOR BREZISEANU NR 24',NULL,NULL,'2025-01-05 16:36:53',NULL),(1552,9,'EUROPHARM HOLDING','','ILFOV','ILFOV','6567900',NULL,'RO26TREZ7005069XXX008912',NULL,NULL,0,'STR RUDENI NR 93 ',NULL,NULL,'2025-01-05 16:36:53',NULL),(1553,9,'ADM FARM','','PANTELIMON','ILFOV','10652311',NULL,'RO18TREZ7005069XXX001005',NULL,NULL,0,'STR RASCOALEI NR 17',NULL,NULL,'2025-01-05 16:36:53',NULL),(1554,9,'INFOMED FLUIDS','','BUCURESTI','BUCURESTI','16674718',NULL,'RO24TREZ7005069XXX002449',NULL,NULL,0,'BD THEODOR PALLADY NR 50',NULL,NULL,'2025-01-05 16:36:53',NULL),(1555,9,'YORK FARM','','BUCURESTI','BUCURESTI','14958861',NULL,'RO27TREZ7005069XXX003365',NULL,NULL,0,'STR SCARLATESCU NR 17-19',NULL,NULL,'2025-01-05 16:36:53',NULL),(1556,9,'PHARMAFARM','','CORUNCA','MURES','200106',NULL,'RO31TREZ4765069XXX017181',NULL,NULL,0,'STR PRINCIPALA 1B/1',NULL,NULL,'2025-01-05 16:36:53',NULL),(1557,9,'PFIZER ROMANIA','','BUCURESTI','BUCURESTI','16563680',NULL,'RO87TREZ7005069XXX006941',NULL,NULL,0,'SOS BUCURESTI-PLOIESTI NR 172-176',NULL,NULL,'2025-01-05 16:36:53',NULL),(1558,9,'FARMEXIM','','BUCURESTI','BUCURESTI','335278',NULL,'RO96TREZ7005069XXX000571',NULL,NULL,0,'STR ROSENTHAL 14 ET 2 AP 3',NULL,NULL,'2025-01-05 16:36:53',NULL),(1559,9,'ROMASTRU TRADING','','BUCURESTI','BUCURESTI','6769462',NULL,'RO51TREZ7005069XXX001381',NULL,NULL,0,'BIHARIA NR 67-77 CORP D ',NULL,NULL,'2025-01-05 16:36:53',NULL),(1560,9,'PHARMA SA','','IASI','IASI','13591928',NULL,'RO51TREZ4065069XXX001276',NULL,NULL,0,'SOS BUCIUM 73 E',NULL,NULL,'2025-01-05 16:36:53',NULL),(1561,9,'POLISANO ','','SIBIU','SIBIU','4101148',NULL,'RO63TREZ5765069XXX001481',NULL,NULL,0,'STR 9 MAI BL 77',NULL,NULL,'2025-01-05 16:36:53',NULL),(1562,9,'MEDIMFARM','','PLOIESTI','PRAHOVA','1359259',NULL,'RO34TREZ5215069XXX001048',NULL,NULL,0,'STR TARGOVISTEI NR 11',NULL,NULL,'2025-01-05 16:36:53',NULL),(1563,9,'MEDIPLUS EXIM','','MOGOSOAIA','ILFOV','9311280',NULL,'RO40TREZ7005069XXX000706',NULL,NULL,0,'STR CIOBANULUI NR 133',NULL,NULL,'2025-01-05 16:36:53',NULL),(1564,9,'FRESENIUS KABI','','BRASOV','BRASOV','3391027',NULL,'RO17TREZ1315069XXX002351',NULL,NULL,0,'STR FANARULUI NR 2A',NULL,NULL,'2025-01-05 16:36:53',NULL),(1565,9,'FELSIN FARM','','BUCURESTI','BUCURESTI','3024756',NULL,'RO19TREZ7005069XXX002442',NULL,NULL,0,'STR DRUMUL PISCUL CERBULUI NR 20-28',NULL,NULL,'2025-01-05 16:36:53',NULL),(1566,9,'FILDAS TRADING','','PITESTI','ARGES','4851409',NULL,'RO28TREZ0465069XXX006550',NULL,NULL,0,'STR BANAT NR 2',NULL,NULL,'2025-01-05 16:36:53',NULL),(1567,9,'UM 02497','','PITESTI','ARGES','4318016',NULL,'RO36TREZ0465041XXX000337',NULL,NULL,0,'STR NEGRU VODA NR 47',NULL,NULL,'2025-01-05 16:36:53',NULL),(1568,9,'CN UNIFARM','','BUCURESTI','BUCURESTI','11653560',NULL,'RO72TREZ7005069XXX002555',NULL,NULL,0,'STR AV. SANATESCU NR 48',NULL,NULL,'2025-01-05 16:36:53',NULL),(1569,9,'B BRAUN MEDICAL ','','TIMIS','TIMIS','11080242',NULL,'RO44TREZ6215069XXX000682',NULL,NULL,0,'STR REMETEA MARE NR 636',NULL,NULL,'2025-01-05 16:36:53',NULL),(1570,9,'FARMACEUTICA REMEDIA DISTRIB','','DEVA','HUNEDOARA','3572074',NULL,'RO93TREZ3665069XXX005910',NULL,NULL,0,'STR DOROBANTILOR NR 43',NULL,NULL,'2025-01-05 16:36:53',NULL),(1571,9,'CM MEDAS','','Brasov','BRASOV','14482678',NULL,'RO05TREZ1315069XXX016438',NULL,NULL,0,'Str Uranus nr 12',NULL,NULL,'2025-01-05 16:36:53',NULL),(1572,9,'HYPERICUM','','BUCURESTI','BUCURESTI','12764176',NULL,'RO66TREZ7005069XXX007901',NULL,NULL,0,'BD TIMISOARA NR 16 F',NULL,NULL,'2025-01-05 16:36:53',NULL),(1573,9,'EUROPHARM HOLDINDG','','ILFOV','ILFOV','32353540',NULL,'RO26TREZ7005069XXX008912',NULL,NULL,0,'STR RUDENI NR 93',NULL,NULL,'2025-01-05 16:36:53',NULL),(1574,9,'TIS FARMACEUTIC','','BUCURESTI','BUCURESTI','6638122',NULL,'RO76TREZ7005069XXX003938',NULL,NULL,0,'STR INDUSTRIILOR NR 16',NULL,NULL,'2025-01-05 16:36:53',NULL),(1575,9,'JIMCO FARM ','','BUCURESTI','BUCURESTI','6160981',NULL,'RO23TREZ7025069XXX011267',NULL,NULL,0,'STR PAROSENI NR 67',NULL,NULL,'2025-01-05 16:36:53',NULL),(1576,9,'CHEMICAL COMPANY ','','IASI','IASI','5945730',NULL,'RO86TREZ4065069XXX003362',NULL,NULL,0,'B-DUL CHIMIEI NR 14',NULL,NULL,'2025-01-05 16:36:53',NULL),(1577,9,'FIDELIO FARM','','SIBIU','SIBIU','15399342',NULL,'RO82TREZ5765069XXX005310',NULL,NULL,0,'CALEA CISNADIEI NR 56',NULL,NULL,'2025-01-05 16:36:53',NULL),(1578,9,'INTERFARM IMPEX','','BOTOSANI','BOTOSANI','28540809',NULL,'RO53TREZ0615069XXX011863',NULL,NULL,0,'STR DOBOSARI NR 21',NULL,NULL,'2025-01-05 16:36:53',NULL),(1579,9,'ROMFARMACHIM','','BUCURESTI','BUCURESTI','14927997',NULL,'RO79TREZ7005069XXX001653',NULL,NULL,0,'INTR COSTACHE NEGRI NR 11',NULL,NULL,'2025-01-05 16:36:53',NULL),(1580,9,'CENTRU TRANSFUZIE SANGUINA','','PITESTI','ARGES','4122310',NULL,'RO04TREZ04620E365000XXXX',NULL,NULL,0,'STR NEGRU-VODA NR 43',NULL,NULL,'2025-01-05 16:36:53',NULL),(1581,9,'PARTNERS MEDICAL SOLUTION','','BUCURESTI','BUCURESTI','12036920',NULL,'RO30TREZ7005069XXX010489',NULL,NULL,0,'STR VADUL MOLDOVEI NR 22',NULL,NULL,'2025-01-05 16:36:53',NULL),(1582,9,'MUNTENIA MEDICAL COMPETENCES','','PITESTI','ARGES','23553484',NULL,'RO89TREZ0465069XXX009720',NULL,NULL,0,'STR PICTOR N GRIGORESCU',NULL,NULL,'2025-01-05 16:36:53',NULL),(1583,9,'SPITALUL JUDETEAN DE URGENTA TARGOVISTE','','TARGOVISTE','DIMBOVITA','4206845',NULL,'RO79TREZ27121F335000XXXX',NULL,NULL,0,'STR TUDOR VLADIMIRESCU NR 78',NULL,NULL,'2025-01-05 16:36:53',NULL),(1584,9,'FARMACIA TEILOR','','PITESTI','ARGES','2517438',NULL,'RO77TREZ0465069XXX019830',NULL,NULL,0,'STR BANAT NR 2',NULL,NULL,'2025-01-05 16:36:53',NULL),(1585,9,'CHIMIMPORTEXPORT PLURIMEX','','BUCURESTI','BUCURESTI','12498',NULL,'RO72TREZ7005069XXX002652',NULL,NULL,0,'STR TUNARI NR 26',NULL,NULL,'2025-01-05 16:36:53',NULL),(1586,9,'EUROPHARM HOLDING','','BRASOV','BRASOV','6567900',NULL,'RO25TREZ1315069XXX003080',NULL,NULL,0,'STR IONESCU NR 1',NULL,NULL,'2025-01-05 16:36:53',NULL),(1587,9,'TRIFARM','','TARGOVISTE','DIMBOVITA','1357231',NULL,'RO79TREZ5215069XXX001014',NULL,NULL,0,'STR COLONEL BALTARETU NR 48',NULL,NULL,'2025-01-05 16:36:53',NULL),(1588,9,'FARMACIA BAJAN','','OLANESTI','VILCEA','6670441',NULL,'RO95TREZ6715069XXX001611',NULL,NULL,0,'ALEEA TRANDAFIRILOR NR 15 B',NULL,NULL,'2025-01-05 16:36:53',NULL),(1589,9,'FARMACIA MIRUNA  ','','CAMPULUNG','ARGES','23645375',NULL,'RO33TREZ0465069XXX006751',NULL,NULL,0,'STR HORIA CLOSCA SI CRISAN NR 19',NULL,NULL,'2025-01-05 16:36:53',NULL),(1590,9,'DIRECTIA DE SAN PUBLICA ARGES','','PITESTI','ARGES','11301157',NULL,'RO04TREZ04620E365000XXXX',NULL,NULL,0,'STR EXERCITIU NR 39 BIS',NULL,NULL,'2025-01-05 16:36:53',NULL),(1591,9,'EPIMED CM SRL','','BUCURESTI','BUCURESTI','36783760',NULL,'RO46TREZ7025069XXX018613',NULL,NULL,0,'STR GAETANO DONIZETI NR 21',NULL,NULL,'2025-01-05 16:36:53',NULL),(1592,9,'PHARMA VISION PLUS','','BUCURESTI','BUCURESTI','13647450',NULL,'RO29TREZ7005069XXX007888',NULL,NULL,0,'BD METALURGIEI NR 130',NULL,NULL,'2025-01-05 16:36:53',NULL),(1593,9,'ALFA MEDICAL DISTRIBUTION ','','CONSTANTA','CONSTANTA','27342021',NULL,'RO30TREZ2315069XXX014056',NULL,NULL,0,'SOS INDUSTRIALA NR 6 LOGISTIC PARK ',NULL,NULL,'2025-01-05 16:36:53',NULL),(1594,9,'SYNEVO ROMANIA','','BUCURESTI','BUCURESTI','6479639',NULL,'RO95TREZ7005069XXX001656',NULL,NULL,0,'BD.PACHE PROTOPOPESCU ',NULL,NULL,'2025-01-05 16:36:53',NULL),(1595,9,'PRISUM INTERENATIONAL TRADING ','','BUCURESTI','BUCURESTI','5919650',NULL,'RO69TREZ7005069XXX003191',NULL,NULL,0,'STR AGHATA BARSESCU NR 15B',NULL,NULL,'2025-01-05 16:36:53',NULL),(1596,9,'TORUS PHARMA COMPANY','','BUCURESTI','BUCURESTI','31885689',NULL,'RO70TREZ7015069XXX014751',NULL,NULL,0,'STR CALEA DOROBANTI NR 51',NULL,NULL,'2025-01-05 16:36:53',NULL),(1597,9,'DISTRINOR','','BUCURESTI','BUCURESTI','24819178',NULL,'RO10TREZ7035069XXX011148',NULL,NULL,0,'STR VORONET NR 9',NULL,NULL,'2025-01-05 16:36:53',NULL),(1598,9,'ND PHARMA','','BACAU','BACAU','22082443',NULL,'RO30TREZ0615069XXX005196',NULL,NULL,0,'CALEA MOLDOVEI NR 197',NULL,NULL,'2025-01-05 16:36:53',NULL),(1599,9,'PHARMNET PLUS ','','BUCURESTI','BUCURESTI','25870756',NULL,'RO98TREZ7005069XXX012563',NULL,NULL,0,'BD THEODOR PALADY NR 287',NULL,NULL,'2025-01-05 16:36:53',NULL),(1600,9,'BIOEEL SRL','','TG-MURES','MURES','1199107',NULL,'RO67TREZ4765069XXX002856',NULL,NULL,0,'STR BEGA NR 5D',NULL,NULL,'2025-01-05 16:36:53',NULL),(1601,9,'INSTITUTUL CANTACUZINO ','','BUCURESTI','BUCURESTI','34965529',NULL,'RO69TREZ705502201X009575',NULL,NULL,0,'SPLAIUL INDEPENDENTEI NR 103',NULL,NULL,'2025-01-05 16:36:53',NULL),(1602,9,'GRAL MEDICAL','','BUCURESTI','BUCURESTI','15413404',NULL,'RO63TREZ7005069XXX002620',NULL,NULL,0,'STR TRAIAN POPOVICI NR 79-91',NULL,NULL,'2025-01-05 16:36:53',NULL),(1603,9,'DEXROM GROUP','','BUCURSTI','BUCURESTI','7744709',NULL,'RO44TREZ7035069XXX021012',NULL,NULL,0,'STR THEODOR PALLADY NR 7-11 B',NULL,NULL,'2025-01-05 16:36:53',NULL),(1604,9,'DONA LOGISTICA ','','CHITILA','ILFOV','3596251',NULL,'RO67TREZ7005069XXX001287',NULL,NULL,0,'STR PADURII NR 4',NULL,NULL,'2025-01-05 16:36:53',NULL),(1605,9,'PHARM AHEAD','','CERNICA','ILFOV','29852817',NULL,'RO89TREZ4215069XXX020905',NULL,NULL,0,'STR PRELUNGIREA GARII CATELU',NULL,NULL,'2025-01-05 16:36:53',NULL),(1606,9,'FITERMAN DISTRIBUTION','','OTOPENI','ILFOV','27216082',NULL,'RO73TREZ4065069XXX016885',NULL,NULL,0,'STR AVRAM IANCU NR 17D',NULL,NULL,'2025-01-05 16:36:53',NULL),(1607,9,'BIESSEN PHARMA','','BUCURESTI','BUCURESTI','3939406',NULL,'RO10TREZ7005069XXX003380',NULL,NULL,0,'B-DUL TIMISOARA NR 100 G ',NULL,NULL,'2025-01-05 16:36:53',NULL),(1608,9,'DIRECT PHARMA LOGISTIC','','PANTELIMON','ILFOV','31647962',NULL,'RO14TREZ4215069XXX009645',NULL,NULL,0,'B-DUL BIRUINTEI NR 2',NULL,NULL,'2025-01-05 16:36:53',NULL),(1609,9,'DELTAFARM','','SCHEIA','SUCEAVA','3778180',NULL,'RO41TREZ5915069XXX001044',NULL,NULL,0,'STR ALEEA MORII NR 12',NULL,NULL,'2025-01-05 16:36:53',NULL),(1610,9,'COMPANIA NATIONALA POSTA ROMANA','','','','427410',NULL,'RO55TREZ7005069XXX000533',NULL,NULL,0,'',NULL,NULL,'2025-01-05 16:36:53',NULL),(1611,9,'HELP NET FARM','','BUCURESTI','BUCURESTI','14169353',NULL,'RO02TREZ7005069XXX001293',NULL,NULL,0,'STR PICTOR ROSENTHAL NR 14',NULL,NULL,'2025-01-05 16:36:53',NULL),(1612,9,'SIEPCOFAR','','BUCURESTI','BUCURESTI','3596251',NULL,'RO67TREZ7005069XXX001287',NULL,NULL,0,'CALEA SERBAN VODA NR 282',NULL,NULL,'2025-01-05 16:36:53',NULL),(1613,9,'WELDGAS UNIC','','PITESTI','ARGES','14400104',NULL,'RO94TREZ0465069XXX008175',NULL,NULL,0,'STR LUNCA NR 51A',NULL,NULL,'2025-01-05 16:36:53',NULL),(1614,9,'NUTRIENT SOLUTION','','BUCURESTI','BUCURESTI','15271385',NULL,'RO80TREZ7005069XXX008425',NULL,NULL,0,'STR ALEX MORUZZI NR 1',NULL,NULL,'2025-01-05 16:36:53',NULL),(1615,9,'DENTOTAL PROTECT','','BUCURESTI','BUCURESTI','6812309',NULL,'RO18TREZ7005069XXX003430',NULL,NULL,0,'STR GARA HERASTRAU NR 2',NULL,NULL,'2025-01-05 16:36:53',NULL),(1616,9,'TEHNODENT POKA','','GHIRODA','TIMIS','1813923',NULL,'RO54TREZ6215069XXX001957',NULL,NULL,0,'AEROPORT NR 90',NULL,NULL,'2025-01-05 16:36:53',NULL),(1617,9,'DR MAX','','MOGOSOAIA','ILFOV','9378655',NULL,'RO81TREZ7005069XXX001035',NULL,NULL,0,'STR AEROPORTULUI NR 53',NULL,NULL,'2025-01-05 16:36:53',NULL),(1618,9,'CATENA PHARMA','','PITESTI','ARGES','3008793',NULL,'RO77TREZ0465069XXX019830',NULL,NULL,0,'STR BANAT NR 2',NULL,NULL,'2025-01-05 16:36:53',NULL),(1619,9,'THREE PHARM','','TG-MURES','MURES','26361386',NULL,'RO41TREZ4765069XXX011084',NULL,NULL,0,'STR EVREILOR MARTIRI NR 4',NULL,NULL,'2025-01-05 16:36:53',NULL),(1620,9,'AIS PRODIMPEX','','BUCURESTI','BUCURESTI','425630',NULL,'RO53TREZ7005069XXX005225',NULL,NULL,0,'SOS ALEXANDRIEI NR 144',NULL,NULL,'2025-01-05 16:36:53',NULL),(1621,9,'STERILECO SRL','','BUCURESTI','BUCURESTI','15071999',NULL,'RO17TREZ7005069XXX014603',NULL,NULL,0,'STR  CALEA VACARESTI NR 391',NULL,NULL,'2025-01-05 16:36:53',NULL),(1622,10,'AXIA MEDICAL SRL','','TG MURES','MURES','20169480',NULL,'RO20TREZ4765069XXX008067',NULL,NULL,0,'STR VICTOR BABES 13/2',NULL,NULL,'2025-01-05 16:36:53',NULL),(1623,10,'LIAMED SRL','','BRASOV','BRASOV','10188824',NULL,'RO26TREZ1315069XXX000346',NULL,NULL,0,'BDUL GRIVITEI  A8',NULL,NULL,'2025-01-05 16:36:53',NULL),(1624,10,'MESSER ROMANIA GAZ','','BUCURESTI','BUCURESTI','10547308',NULL,'RO67TREZ7005069XXX001966',NULL,NULL,0,'DRUMUL INTRE TARLALE 102-112',NULL,NULL,'2025-01-05 16:36:53',NULL),(1625,10,'Linde Gaz Romania','','Timisoara','TIMIS','8721959',NULL,'RO97TREZ6215069XXX003608',NULL,NULL,0,'A.Imbroane nr 9',NULL,NULL,'2025-01-05 16:36:53',NULL),(1626,10,'PARTNERS MEDICAL SOLUTION','','BUCURESTI','BUCURESTI','12036920',NULL,'RO78TREZ7015069XXX000930',NULL,NULL,0,'STRVADUL MOLDOVEI',NULL,NULL,'2025-01-05 16:36:53',NULL),(1627,10,'ARTROMED CLASS','','BUCURESTI','BUCURESTI','28781289',NULL,'RO66TREZ7065069XXX010245',NULL,NULL,0,'SPLAIUL INDEPENDENTEI NR 273',NULL,NULL,'2025-01-05 16:36:53',NULL),(1628,10,'ALPHA NED 2000 EXIM ','','BUCURESTI','BUCURESTI','13393416',NULL,'RO49TREZ7005069XXX005685',NULL,NULL,0,'CALEA GRIVITEI NR 188',NULL,NULL,'2025-01-05 16:36:53',NULL),(1629,10,'EUROFISH TRADE','','GALATI','GALATI','12758271',NULL,'RO31TREZ3065069XXX002307',NULL,NULL,0,'STR HENRI COANDA NR 13',NULL,NULL,'2025-01-05 16:36:53',NULL),(1630,10,'HEXI PHARMA','','BUCURESTI','BUCURESTI','7039466',NULL,'RO42TREZ7005069XXX002707',NULL,NULL,0,'STR FLOARE ROSIE NR 14',NULL,NULL,'2025-01-05 16:36:53',NULL),(1631,10,'TRIDENT MEDICAL COMPANY','','BUCURESTI','BUCURESTI','9384088',NULL,'RO98TREZ7005069XXX005191',NULL,NULL,0,'SOS COLENTINA NR 4',NULL,NULL,'2025-01-05 16:36:53',NULL),(1632,10,'FRESENIUS KABI','','BRASOV','BRASOV','3391027',NULL,'RO17TREZ1315069XXX002351',NULL,NULL,0,'STR FANARULUI NR 2A',NULL,NULL,'2025-01-05 16:36:53',NULL),(1633,10,'MEDIATECH SYSTEMS','','BUCURESTI','BUCURESTI','7368450',NULL,'RO64TREZ7005069XXX007840',NULL,NULL,0,'STR ARGENTINA NR 16',NULL,NULL,'2025-01-05 16:36:53',NULL),(1634,10,'ROMEXTERRA GRUP','','BUCURESTI','BUCURESTI','15841176',NULL,'RO32TREZ7025069XXX001987',NULL,NULL,0,'STR N. FILIPESCU NR 57',NULL,NULL,'2025-01-05 16:36:53',NULL),(1635,10,'VIOMED CONSUM','','JILAVA','ILFOV','17650814',NULL,'RO86TREZ7005069XXX008123',NULL,NULL,0,'SRT PRELUNGIREA GIURGIULUI NR 48 L',NULL,NULL,'2025-01-05 16:36:53',NULL),(1636,10,'ARKAS PRODEXIM','','PLETEA','MURES','14953341',NULL,'RO88TREZ4775069XXX000476',NULL,NULL,0,'PLETEA NR 558',NULL,NULL,'2025-01-05 16:36:53',NULL),(1637,10,'PRODCONFARM SRL','','PITESTI','ARGES','5172210',NULL,'RO34TREZ0465069XXX001883',NULL,NULL,0,'STR CAPITAN CUTUI NR 2',NULL,NULL,'2025-01-05 16:36:53',NULL),(1638,10,'CRIO 2 SRL','','IASI','IASI','4414293',NULL,'RO63TREZ4065069XXX003000',NULL,NULL,0,'PANDURII 6 BL IASI',NULL,NULL,'2025-01-05 16:36:53',NULL),(1639,10,'POLISANO','','SIBIU','SIBIU','4101148',NULL,'RO63TREZ5765069XXX001481',NULL,NULL,0,'STR  9 MAI BL 77',NULL,NULL,'2025-01-05 16:36:53',NULL),(1640,10,'DIAMEDIX IMPEX','','BUCURESTI','BUCURESTI','8529458',NULL,'RO53TREZ7005069XXX003091',NULL,NULL,0,'FABRICA DE GLUCOZA NR 15A',NULL,NULL,'2025-01-05 16:36:53',NULL),(1641,10,'MEDIMPACT','','CLUJ-NAPOCA ','CLUJ','13720895',NULL,'RO20TREZ2165069XXX009734',NULL,NULL,0,'STR LUNETEI NR 14',NULL,NULL,'2025-01-05 16:36:53',NULL),(1642,10,'ALCON ROMANIA','','BUCURESTI','BUCURESTI','14617759',NULL,'RO38TREZ7005069XXX003652',NULL,NULL,0,'B-DUL BARBU VACARESCU NR 301-311',NULL,NULL,'2025-01-05 16:36:53',NULL),(1643,10,'LUAN VISION ','','ORADEA','BIHOR','23801784',NULL,'RO38TREZ0765069XXX007905',NULL,NULL,0,'STR PIATA BUCURESTI NR 6',NULL,NULL,'2025-01-05 16:36:53',NULL),(1644,10,'ROMPEL IMPEX','','BUCURESTI ','BUCURESTI','2836810',NULL,'RO81TREZ7005069XXX005303',NULL,NULL,0,'SOS ANDRONACHE NR 201 BIS',NULL,NULL,'2025-01-05 16:36:53',NULL),(1645,10,'FELSIN FARM','','BUCURESTI','BUCURESTI','3024756',NULL,'RO19TREZ7005069XXX002442',NULL,NULL,0,'STR DRUMUL PISCUL CERBULUI NR 20-28',NULL,NULL,'2025-01-05 16:36:53',NULL),(1646,10,'PHARMA ','','IASI','IASI','13591928',NULL,'RO51TREZ4065069XXX001276',NULL,NULL,0,'SOS BUCIUM 73E',NULL,NULL,'2025-01-05 16:36:53',NULL),(1647,10,'EPRUBETA FARM','','MARACINENI ','BUZAU','11171693',NULL,'RO68TREZ1665069XXX000718',NULL,NULL,0,'STR PRINCIPALA NR 72',NULL,NULL,'2025-01-05 16:36:53',NULL),(1648,10,'TIPAK INTERNATIONAL ','','IASI','IASI','23038063',NULL,'RO44TREZ4065069XXX013333',NULL,NULL,0,'SOS BUCIUM NR 21-23',NULL,NULL,'2025-01-05 16:36:53',NULL),(1649,10,'ATENEUM ','','CALARASI','CALARASI','13149463',NULL,'RO15TREZ2015069XXX000860',NULL,NULL,0,'STR BUCURESTI NR 215',NULL,NULL,'2025-01-05 16:36:53',NULL),(1650,10,'WELDGAS UNIC ','','BASCOV ','ARGES','14400104',NULL,'RO94TREZ0465069XXX008175',NULL,NULL,0,'STR LUNCA NR 51 A',NULL,NULL,'2025-01-05 16:36:53',NULL),(1651,10,'ASCENSIS GRUP','','BUCURESTI','BUCURESTI','18335807',NULL,'RO75TREZ7045069XXX005454',NULL,NULL,0,'STR ALUNISULUI NR 180',NULL,NULL,'2025-01-05 16:36:53',NULL),(1652,10,'BALTON MED ','','BUCURESTI','BUCURESTI','17494065',NULL,'RO50TREZ7035069XXX005384',NULL,NULL,0,'B-DUL CAMIL RESSU NR 38',NULL,NULL,'2025-01-05 16:36:53',NULL),(1653,10,'CO CO CONSUMER ','','BUCURESTI','BUCURESTI','14934994',NULL,'RO20TREZ7005069XXX002715',NULL,NULL,0,'BD PRECIZIEI NR 1 ',NULL,NULL,'2025-01-05 16:36:53',NULL),(1654,10,'CAVROM ','','DEJ','CLUJ','12134987',NULL,'RO69TREZ2175069XXX000157',NULL,NULL,0,'STR CASEIU NR 136 C',NULL,NULL,'2025-01-05 16:36:53',NULL),(1655,10,'NOVA FIT 2000 ','','BUCURESTI','BUCURESTI','15178082',NULL,'RO10TREZ7005069XXX007842',NULL,NULL,0,'STR CERNESTI NR 7',NULL,NULL,'2025-01-05 16:36:53',NULL),(1656,10,'MERCATOR MEDICAL','','CLUJ-NAPOCA','CLUJ','18547761',NULL,'RO09TREZ2165069XXX017013',NULL,NULL,0,'STR TRAIAN VUIA 178 AB',NULL,NULL,'2025-01-05 16:36:53',NULL),(1657,10,'SH MEDICAL ','','ORADEA','BIHOR','32207595',NULL,'RO89TREZ0765069XXX014747',NULL,NULL,0,'STR T. VLADIMIRESCU',NULL,NULL,'2025-01-05 16:36:53',NULL),(1658,10,'TEHNODENT POKA','','TIMISOARA','TIMIS','1813923',NULL,'RO54TREZ6215069XXX001957',NULL,NULL,0,'STR DR.RUSEL NR 5',NULL,NULL,'2025-01-05 16:36:53',NULL),(1659,10,'HARTMANN  ','','TARGU-MURES','MURES','4784130',NULL,'RO14TREZ7005069XXX012135',NULL,NULL,0,'STR ARANY JANOS',NULL,NULL,'2025-01-05 16:36:53',NULL),(1660,10,'FEROMED BUSINESS','','BUCURESTI','BUCURESTI','24752078',NULL,'RO45TREZ7025069XXX013490',NULL,NULL,0,'',NULL,NULL,'2025-01-05 16:36:53',NULL),(1661,10,'ACCENT MEDIA CO','','BUCURESTI','BUCURESTI','16405922',NULL,'RO24TREZ7025069XXX014741',NULL,NULL,0,'STR SOS STEFAN CEL MARE ',NULL,NULL,'2025-01-05 16:36:53',NULL),(1662,10,'PRO SANTE','','SIBIU','SIBIU','11260529',NULL,'RO02TREZ5765069XXX010436',NULL,NULL,0,'STR LUDOS NR 5',NULL,NULL,'2025-01-05 16:36:53',NULL),(1663,10,'ALIS TECH SOLUTION','','TIMIS','TIMIS','17869866',NULL,'RO59TREZ6215069XXX005747',NULL,NULL,0,'STR MARESAL C-TIN PREZAN NR 133',NULL,NULL,'2025-01-05 16:36:53',NULL),(1664,10,'NAFKA GRUP','','TARGU-NEAMT','NEAMT','16320869',NULL,'RO64TREZ7015069XXX023783',NULL,NULL,0,'STR TARGU-NEAMT NR 13',NULL,NULL,'2025-01-05 16:36:53',NULL),(1665,10,'RICOMED ','','BUCURESTI','BUCURESTI','7866714',NULL,'RO72TREZ7015069XXX003948',NULL,NULL,0,'STR MR ALEX CAMPEANU NR 43',NULL,NULL,'2025-01-05 16:36:53',NULL),(1666,10,'DENTOTAL PROTECT','','PITESTI','ARGES','6812309',NULL,'RO18TREZ7005069XXX003430',NULL,NULL,0,'STR SERGENT PANTAZESCU NR 4',NULL,NULL,'2025-01-05 16:36:53',NULL),(1667,10,'PRION POCT','','BUCURESTI','BUCURESTI','25426886',NULL,'RO32TREZ7005069XXX008319',NULL,NULL,0,'STR STEFAN NEGULESCU NR 38',NULL,NULL,'2025-01-05 16:36:53',NULL),(1668,10,'TEHNO ELECTRO MEDICAL COMPANY','','BUCURESTI','BUCURESTI','217930',NULL,'RO71TREZ7005069XXX004610',NULL,NULL,0,'STR CALUSEI NR 69A',NULL,NULL,'2025-01-05 16:36:53',NULL),(1669,10,'REDOXIM','','TIMIS','TIMIS','1827872',NULL,'RO85TREZ6215069XXX002175',NULL,NULL,0,'CALEA LUGOJULUI NR 3',NULL,NULL,'2025-01-05 16:36:53',NULL),(1670,10,'DEROM DENTAL INTERNATIONAL','','IASI','IASI','13038589',NULL,'RO81TREZ4065069XXX001415',NULL,NULL,0,'STR PROF I INCULET  NR 3-700720',NULL,NULL,'2025-01-05 16:36:53',NULL),(1671,10,'DENTAL MARKET DISTIBUTION','','PITESTI','ARGES','35435601',NULL,'RO56TREZ0465069XXX015261',NULL,NULL,0,'STR BRADULUI NR 6',NULL,NULL,'2025-01-05 16:36:53',NULL),(1672,10,'PRIMERA MED TECHNOLOGY','','MIOVENI','ARGES','18858660',NULL,'RO02TREZ0465069XXX012450',NULL,NULL,0,'STR CAMINULUI NR 2',NULL,NULL,'2025-01-05 16:36:53',NULL),(1673,10,'TEHNOMED SERVICE SRL','','BUZAU','BUZAU','1158948',NULL,'RO47TREZ1665069XXX000999',NULL,NULL,0,'B-DUL UNIRII ',NULL,NULL,'2025-01-05 16:36:53',NULL),(1674,10,'TZMO ROMANIA ','','CLINCENI','ILFOV','9693687',NULL,'RO35TREZ7005069XXX001669',NULL,NULL,0,'SOS DE CENTURA NR 3E ',NULL,NULL,'2025-01-05 16:36:53',NULL),(1675,10,'ATLANCO EXIM','','BUCURESTI','BUCURESTI','10367196',NULL,'RO46TREZ7005069XXX007873',NULL,NULL,0,'SOS IANCULUI NR 11',NULL,NULL,'2025-01-05 16:36:53',NULL),(1676,10,'CHEMICAL COMPANY','','IASI ','IASI','5945730',NULL,'RO86TREZ4065069XXX003362',NULL,NULL,0,'B-DUL CHIMIEI 14',NULL,NULL,'2025-01-05 16:36:53',NULL),(1677,10,'DIPIESO JUNIOR','','BUCURESTI','BUCURESTI','15086663',NULL,'RO12TREZ7035069XXX001509',NULL,NULL,0,'STR VALERIU BRANISTE NR 16',NULL,NULL,'2025-01-05 16:36:53',NULL),(1678,10,'QUASAR COMEX','','FOCSANI','VRANCEA','4996264',NULL,'RO75TREZ6915069XXX000537',NULL,NULL,0,'B-DUL BUCURESTI 12 A ',NULL,NULL,'2025-01-05 16:36:53',NULL),(1679,10,'TEST TRADING ','','BUCURESTI','BUCURESTI','5889045',NULL,'RO82TREZ7005069XXX005188',NULL,NULL,0,'STR GHEORGHE TITEICA NR 171',NULL,NULL,'2025-01-05 16:36:53',NULL),(1680,10,'TEHNICAL DENT','','BRAILA ','BRAILA','11758273',NULL,'RO23TREZ1515069XXX002458',NULL,NULL,0,'STR HIPODROM NR 3',NULL,NULL,'2025-01-05 16:36:53',NULL),(1681,10,'MEDIST IMAGING  POC','','BUCURESTI','BUCURESTI','24205100',NULL,'RO93TREZ7005069XXX007900',NULL,NULL,0,'STR ION URDAREANU NR 34',NULL,NULL,'2025-01-05 16:36:53',NULL),(1682,10,'KARL STORZ ENDOSCOPIA','','BUCURESTI','BUCURESTI','22505268',NULL,'RO51TREZ7005069XXX003321',NULL,NULL,0,'STR PROF DR ANTON COLORIAN NR 74',NULL,NULL,'2025-01-05 16:36:53',NULL),(1683,10,'SANPRODMED ','','BUCURESTI','BUCURESTI','13362380',NULL,'RO14TREZ7005069XXX002532',NULL,NULL,0,'STR AEROPORTULUI NR 2',NULL,NULL,'2025-01-05 16:36:53',NULL),(1684,10,'MEDICAL ORTOVIT','','BUCURESTI','BUCURESTI','9625593',NULL,'RO58TREZ7005069XXX002516',NULL,NULL,0,'STR MIRON COSTIN NR 8',NULL,NULL,'2025-01-05 16:36:53',NULL),(1685,10,'OPTIMED ','','BRASOV','BRASOV','1104239',NULL,'RO03TREZ1315069XXX000857',NULL,NULL,0,'STR APOLLONIA HIRSCHER NR 11',NULL,NULL,'2025-01-05 16:36:53',NULL),(1686,10,'AXABIO MEDICAL','','IASI','IASI','26931428',NULL,'RO88TREZ4065069XXX015936',NULL,NULL,0,'ALEEA ROZELOR NR 26',NULL,NULL,'2025-01-05 16:36:53',NULL),(1687,10,'METOS COMPANY','','CONSTANTA','CONSTANTA','16697843',NULL,'RO29TREZ2315069XXX005926',NULL,NULL,0,'STR DIMITRIE BOLINTINEANU NR 58',NULL,NULL,'2025-01-05 16:36:53',NULL),(1688,10,'UNIMEDIK IMPEX','','BUCURESTI','BUCURESTI','30410916',NULL,'RO45TREZ7005069XXX010219',NULL,NULL,0,'SOS MIHAI BRAVU NR 184',NULL,NULL,'2025-01-05 16:36:53',NULL),(1689,10,'EVOREVO','','BUCURESTI','BUCURESTI','32761476',NULL,'RO30TREZ7055069XXX008627',NULL,NULL,0,'SPLAIUL INDEPENDENTEI NR 17',NULL,NULL,'2025-01-05 16:36:53',NULL),(1690,10,'PLURIFARM DENT ','','BUCURESTI','BUCURESTI','10572395',NULL,'RO20TREZ7005069XXX008147',NULL,NULL,0,'STR PROF GHE MARINESCU NR 43',NULL,NULL,'2025-01-05 16:36:53',NULL),(1691,10,'ELDIRO MEDICAL','','SLATINA','OLT','32047079',NULL,'RO67TREZ5065069XXX009823',NULL,NULL,0,'STR PANSELELOR NR 15',NULL,NULL,'2025-01-05 16:36:53',NULL),(1692,10,'BIOFARM DISTRIBUTION','','BUCURESTI','BUCURESTI','33043458',NULL,'RO26TREZ7035069XXX016098',NULL,NULL,0,'SRT PLUT ION NEDELCU NR 7',NULL,NULL,'2025-01-05 16:36:53',NULL),(1693,10,'HEALTH CONCEPT','','BUCURESTI','BUCURESTI','30720208',NULL,'RO49TREZ7035069XXX014714',NULL,NULL,0,'BLD. RAMNICU SARAT NR 15',NULL,NULL,'2025-01-05 16:36:53',NULL),(1694,10,'MEDICAL CORP','','SIBIU','SIBIU','10770287',NULL,'RO77TREZ5765069XXX002587',NULL,NULL,0,'STR GHE LAZAR NR 8',NULL,NULL,'2025-01-05 16:36:53',NULL),(1695,10,'AQUATOR','','IASI','IASI','15651244',NULL,'RO57TREZ4065069XXX005824',NULL,NULL,0,'B-DUL ALEXANDRU CEL BUN NR 24',NULL,NULL,'2025-01-05 16:36:53',NULL),(1696,10,'G   M 2000 SRL','','BUCURESTI','BUCURESTI','4057646',NULL,'RO57TREZ7005069XXX007772',NULL,NULL,0,'STR IOAN BIANU NR 45',NULL,NULL,'2025-01-05 16:36:53',NULL),(1697,10,'KLINTENSIV ','','BRAGADIRU ','ILFOV','29359178',NULL,'RO55TREZ4215069XXX007743',NULL,NULL,0,'SOS ALEXANDRIEI NR 544',NULL,NULL,'2025-01-05 16:36:53',NULL),(1698,10,'DIRECTIA DE SAN PUBLICA ARGES','','PITESTI','ARGES','11301157',NULL,'RO04TREZ04620E365000XXXX',NULL,NULL,0,'STR EXERCITIU NR 39 BIS',NULL,NULL,'2025-01-05 16:36:53',NULL),(1699,10,'INFOMED FLUIDS','','BUCURESTI','BUCURESTI','16674718',NULL,'RO24TREZ7005069XXX002449',NULL,NULL,0,'B-DUL THEODOR PALLADY',NULL,NULL,'2025-01-05 16:36:53',NULL),(1700,10,'BIZMED  SRL','','ORADEA','BIHOR','27647093',NULL,'RO86TREZ0765069XXX010242',NULL,NULL,0,'STR LIVEZILOR NR 5',NULL,NULL,'2025-01-05 16:36:53',NULL),(1701,10,'MEGACONS BRILLAGO SRL ','','IASI','IASI','26560036',NULL,'RO15TREZ4065069XXX014728',NULL,NULL,0,'STR ATELIERULUI NR 5',NULL,NULL,'2025-01-05 16:36:53',NULL),(1702,10,'NOVITRADE SRL','','CONSTANTA','CONSTANTA','15011423',NULL,'RO18TREZ2315069XXX001759',NULL,NULL,0,'STR ANDREI MURESANU NR 81',NULL,NULL,'2025-01-05 16:36:53',NULL),(1703,10,'PANSIPROD DISTRIBUTIE SRL','','BUCURESTI','BUCURESTI','32011857',NULL,'RO28TREZ7005069XXX010622',NULL,NULL,0,'STR BAICULESTI NR 1',NULL,NULL,'2025-01-05 16:36:53',NULL),(1704,10,'SPD STAR SRL','','DEJ','CLUJ','15965131',NULL,'RO22TREZ2165069XXX025218',NULL,NULL,0,'STR NICOLAE TITULESCU NR 47',NULL,NULL,'2025-01-05 16:36:53',NULL),(1705,10,'DELTAMED SRL','','GILAU','CLUJ','9434372',NULL,'RO78TREZ2165069XXX011988',NULL,NULL,0,'FERMA 8 HALELE 20-21',NULL,NULL,'2025-01-05 16:36:53',NULL),(1706,10,'VALDOMEDICA TRADING','','BUCURESTI','BUCURESTI','23100700',NULL,'RO75TREZ7005069XXX010649',NULL,NULL,0,'STR EFTIMIE CROITORU NR 32',NULL,NULL,'2025-01-05 16:36:53',NULL),(1707,10,'TEHNOPLUS MEDICAL','','BUCURESTI','BUCURESTI','4261939',NULL,'RO30TREZ7005069XXX002729',NULL,NULL,0,'STR ODOBESTI NR 1',NULL,NULL,'2025-01-05 16:36:53',NULL),(1708,10,'PRIMEX MEDICAL','','BUCURESTI','BUCURESTI','12958261',NULL,'RO79TREZ7025069XXX001044',NULL,NULL,0,'STR POP DE BASESTI NR 9',NULL,NULL,'2025-01-05 16:36:53',NULL),(1709,10,'ALPHA BRIO MEDICAL SRL','','BUCURESTI','BUCURESTI','15788340',NULL,'RO18TREZ7005069XXX008183',NULL,NULL,0,'STR FOISORULUI NR 146',NULL,NULL,'2025-01-05 16:36:53',NULL),(1710,10,'SC MED TEHNICA SRL','','CRAIOVA ','DOLJ','29837639',NULL,'RO43TREZ2915069XXX015049',NULL,NULL,0,'CALEA UNIRII, NR 91',NULL,NULL,'2025-01-05 16:36:53',NULL),(1711,10,'TAISSIS CONCEPT SRL','','CAMPULUNG MUSCEL','ARGES','10122358',NULL,'RO88TREZ0465069XXX015461',NULL,NULL,0,'STR ION TICALOIU NR 17',NULL,NULL,'2025-01-05 16:36:53',NULL),(1712,10,'MEDICARE TECHNICS SA','','BUCURESTI','BUCURESTI','12766347',NULL,'RO44TREZ7005069XXX001895',NULL,NULL,0,'STR VALEA  MERILOR NR 30',NULL,NULL,'2025-01-05 16:36:53',NULL),(1713,10,'TUNIC PROD SRL','','BUCURESTI','BUCURESTI','3573061',NULL,'RO50TREZ7005069XXX005473',NULL,NULL,0,'STR ALEEA MIZIL NR 62',NULL,NULL,'2025-01-05 16:36:53',NULL),(1714,10,'SC   REEP APARATURA MEDICALA','','PITESTI','ARGES','14829158',NULL,'RO55TREZ0465069XXX001214',NULL,NULL,0,'STR VASILE LUPU NR 9',NULL,NULL,'2025-01-05 16:36:53',NULL),(1715,10,'STERIL ROMANIA','','BUCURESTI','BUCURESTI','12284240',NULL,'RO34TREZ7005069XXX002463',NULL,NULL,0,'B-DUL METALURGIEI NR 3-5',NULL,NULL,'2025-01-05 16:36:53',NULL),(1716,10,'TOTALMED SRL','','BRASOV','BRASOV','24577279',NULL,'RO11TREZ1315069XXX009249',NULL,NULL,0,'STR BRONZULUI  NR 16',NULL,NULL,'2025-01-05 16:36:53',NULL),(1717,10,'SC SURVEY TOPO SOLUTION SRL','','ILVA MICA','BISTRITA-NASAUD','31231820',NULL,'RO53TREZ1045069XXX001534',NULL,NULL,0,'STR PRINCIPALA NR 3A ',NULL,NULL,'2025-01-05 16:36:53',NULL),(1718,10,'NEOMED SRL','','ORADEA','BIHOR','8728108',NULL,'RO63TREZ0765069XXX002702',NULL,NULL,0,'STR HOREA NR 1',NULL,NULL,'2025-01-05 16:36:53',NULL),(1719,10,'SIEMENS','','BUCURESTI','BUCURESTI','36153005',NULL,'RO79TREZ7005069XXX011353',NULL,NULL,0,'STR PRECIZIEI NR 24',NULL,NULL,'2025-01-05 16:36:53',NULL),(1720,10,'MEDIDENT EXIM SRL','','BRASOV','BRASOV','11105860',NULL,'RO86TREZ1315069XXX001012',NULL,NULL,0,'STR TRAIAN 109',NULL,NULL,'2025-01-05 16:36:53',NULL),(1721,10,'RETCO SRL','','BRASOV','BRASOV','1110230',NULL,'RO76TREZ1315069XXX000998',NULL,NULL,0,'STR SALVIEI NR 7',NULL,NULL,'2025-01-05 16:36:53',NULL),(1722,10,'EURITMIC GRUP','','BUCURESTI','BUCURESTI','12670543',NULL,'RO05TREZ7005069XXX002500',NULL,NULL,0,'STR PADUROIU NR 10',NULL,NULL,'2025-01-05 16:36:53',NULL),(1723,10,'SCOP MEDICAL','','BUCURESTI','BUCURESTI','33850725',NULL,'RO79TREZ7015069XXX015850',NULL,NULL,0,'STR AMMAN NR 21',NULL,NULL,'2025-01-05 16:36:53',NULL),(1724,10,'VODIMEDICOR SRL','','VOLUNTARI','ILFOV','4133530',NULL,'RO75TREZ4215069XXX008450',NULL,NULL,0,'SOS EROU NICOLAEV IANCU NR 85 M',NULL,NULL,'2025-01-05 16:36:53',NULL),(1725,10,'SC ELMED MEDICAL SRL','','TARGU -MURES','MURES','11017750',NULL,'RO41TREZ4765069XXX003130',NULL,NULL,0,'STR D.C.GHEREA NR 30',NULL,NULL,'2025-01-05 16:36:53',NULL),(1726,10,'MEDITECH SRL','','BAIA MARE','MARAMURES','14779840',NULL,'RO49TREZ4365069XXX002071',NULL,NULL,0,'STR TRANSILVANIEI NR 2A',NULL,NULL,'2025-01-05 16:36:53',NULL),(1727,10,'HELLIMED SRL','','BUCURESTI','BUCURESTI','4885207',NULL,'RO73TREZ7005069XXX008066',NULL,NULL,0,'TUDOR VIANU NR 5-7',NULL,NULL,'2025-01-05 16:36:53',NULL),(1728,10,'TMS TOP MEDICAL SUPPLIER','','BUCURESTI','BUCURESTI','26950950',NULL,'RO32TREZ7005069XXX010259',NULL,NULL,0,'SPLAIUL UNIRII NR 86',NULL,NULL,'2025-01-05 16:36:53',NULL),(1729,10,' EDITRONIC INTERNATIONAL ','','BUCURESTI','BUCURESTI','7524568',NULL,'RO90TREZ7005069XXX005432',NULL,NULL,0,'STR INTR PATINOARULUI NR 7',NULL,NULL,'2025-01-05 16:36:53',NULL),(1730,10,'LUMAMED HEALTH  CARE','','BUCURESTI','BUCURESTI','27335105',NULL,'RO73TREZ7025069XXX021134',NULL,NULL,0,'STR MALVA NR 49',NULL,NULL,'2025-01-05 16:36:53',NULL),(1731,10,'ALPHA MEDICAL','','BUCURESTI','BUCURESTI','13878004',NULL,'RO61TREZ7005069XXX007894',NULL,NULL,0,'STR SANDU ALDEA NR 22',NULL,NULL,'2025-01-05 16:36:53',NULL),(1732,10,'FIDELIO FARM','','SIBIU','SIBIU','15399342',NULL,'RO82TREZ5765069XXX005310',NULL,NULL,0,'CALEA CISNADIEI NR 56',NULL,NULL,'2025-01-05 16:36:53',NULL),(1733,10,'NEW ELLE MEDICAL SRL','','ALBA-IULIA','ALBA','27451231',NULL,'RO45TREZ0025069XXX005092',NULL,NULL,0,'B-DUL TRANSILVANIEI NR 23B ',NULL,NULL,'2025-01-05 16:36:53',NULL),(1734,10,'MG EXIM ROMITALIA','','BUCURESTI','BUCURESTI','10363240',NULL,'RO60TREZ7035069XXX000257',NULL,NULL,0,'STR VLAD SECTOR 3',NULL,NULL,'2025-01-05 16:36:53',NULL),(1735,10,'FELMEDICA SRL','','FELEACU ','CLUJ','16152102',NULL,'RO83TREZ2165069XXX008794',NULL,NULL,0,'STR ALBIEI NR 2',NULL,NULL,'2025-01-05 16:36:53',NULL),(1736,10,'MEDTRONIC','','BUCURESTI','BUCURESTI','35182347',NULL,'RO70TREZ7005069XXX014716',NULL,NULL,0,'SOS. BUCURESTI-PLOIESTI NR 42-44',NULL,NULL,'2025-01-05 16:36:53',NULL),(1737,10,'MLM MEDICAL ','','BUCURESTI','BUCURESTI','15435828',NULL,'RO43TREZ7045069XXX004866',NULL,NULL,0,'STR SERBAN VODA NR 180A',NULL,NULL,'2025-01-05 16:36:53',NULL),(1738,10,'PHARMICS ','','CLUJ NAPOCA','CLUJ','23200539',NULL,'RO68TREZ2165069XXX019734',NULL,NULL,0,'STR BUNA ZIUA ',NULL,NULL,'2025-01-05 16:36:53',NULL),(1739,10,'ROVAL MED ','','BUCURESTI','BUCURESTI','14277070',NULL,'RO82TREZ7005069XXX004024',NULL,NULL,0,'SECT 3 INDUSTRIILOR 2M',NULL,NULL,'2025-01-05 16:36:53',NULL),(1740,10,'INFOMED SRL','','BUCURESTI','BUCURESTI','6502839',NULL,'RO44TREZ7005069XXX002574',NULL,NULL,0,'STR ION MOVILA NR 16',NULL,NULL,'2025-01-05 16:36:53',NULL),(1741,10,'INC  DTCI ICSI RM VALCEA','','RM VALCEA','VILCEA','2538104',NULL,'RO55TREZ6715069XXX002816',NULL,NULL,0,'STR UZINEI NR 4/240050',NULL,NULL,'2025-01-05 16:36:53',NULL),(1742,10,'GADAGROUP ROMANIA SRL','','BUCURESTI','BUCURESTI','8936710',NULL,'RO11TREZ7005069XXX002683',NULL,NULL,0,'STR BARBU DELAVRANCEA NR 241A',NULL,NULL,'2025-01-05 16:36:53',NULL),(1743,10,'ELMED SRL','','BAIA MARE ','MARAMURES','2192263',NULL,'RO38TREZ4365069XXX001881',NULL,NULL,0,'STR ION SLAVICI NE 3/11',NULL,NULL,'2025-01-05 16:36:53',NULL),(1744,10,'GLOBAL MEDICAL SOLUTION SRL','','BUCURESTI','BUCURESTI','27093109',NULL,'RO21TREZ7005069XXX010845',NULL,NULL,0,'STR ERNEST DJUVARA NR 16',NULL,NULL,'2025-01-05 16:36:53',NULL),(1745,10,'BIVARIA GRUP SRL','','HUNEDOARA','HUNEDOARA','13833576',NULL,'RO83TREZ3665069XXX005314',NULL,NULL,0,'STR EROILOR 2D',NULL,NULL,'2025-01-05 16:36:53',NULL),(1746,10,'AXIOMED SOLUTIONS','','GALATI','GALATI','29887513',NULL,'RO79TREZ3065069XXX012307',NULL,NULL,0,'STR G-RAL  ALEXANDRU CERNAT NR 111',NULL,NULL,'2025-01-05 16:36:53',NULL),(1747,10,'DIALAB SOLUTION SRL','','BUCURESTI','BUCURESTI','23818271',NULL,'RO12TREZ7005069XXX008097',NULL,NULL,0,'STR ALBAC NR 11',NULL,NULL,'2025-01-05 16:36:53',NULL),(1748,10,'HISTRIA INTERNATIONAL','','BUCURESTI','BUCURESTI','8025663',NULL,'RO41TREZ7005069XXX002725',NULL,NULL,0,'SOS GHERASE NR 66-70',NULL,NULL,'2025-01-05 16:36:53',NULL),(1749,10,'PLASTIC PROD','','BUZAU','BUZAU','1148928',NULL,'RO41TREZ1665069XXX000816',NULL,NULL,0,'STR D FILIPESCU NR 4',NULL,NULL,'2025-01-05 16:36:53',NULL),(1750,10,'DENTSTORE','','BUCURESTI','BUCURESTI','29777715',NULL,'RO85TREZ4215069XXX007300',NULL,NULL,0,'STR TEPES VODA NR 89 SECTOR 2',NULL,NULL,'2025-01-05 16:36:53',NULL),(1751,10,'SITEA ROMANIA','','BUCURESTI ','BUCURESTI','6770904',NULL,'RO30TREZ7005069XXX003408',NULL,NULL,0,'B-DUL LIBERTATII NR 18',NULL,NULL,'2025-01-05 16:36:53',NULL),(1752,10,'ROMSIR IMPEX','','BALS','OLT','6218870',NULL,'RO65TREZ5065069XXX009083',NULL,NULL,0,'STR NUFARULUI NR 50',NULL,NULL,'2025-01-05 16:36:53',NULL),(1753,10,'CD GENERAL AFFAIRS','','POPESTI LEORDENI','ILFOV','31135202',NULL,'RO37TREZ4215069XXX008649',NULL,NULL,0,'STR PANTAZICA GABRIEL NR 74C',NULL,NULL,'2025-01-05 16:36:53',NULL),(1754,10,'JUSTIR DESIGN','','IASI','IASI','23773102',NULL,'RO48TREZ4065069XXX024028',NULL,NULL,0,'PIATA VOIEVOZILOR 18,BL A16',NULL,NULL,'2025-01-05 16:36:53',NULL),(1755,10,'STRYKER ROMANIA SRL','','BUCURESTI','BUCURESTI','12704530',NULL,'RO38TREZ7005069XXX002682',NULL,NULL,0,'B-DUL IULIU MANIU NR 7 ',NULL,NULL,'2025-01-05 16:36:53',NULL),(1756,10,'MEDICAL TECHNOLOGIES INFINITY SRL','','BUCURESTI','BUCURESTI','33711808',NULL,'RO26TREZ7055069XXX009669',NULL,NULL,0,'CALEA 13 SEPTEMBRIE SECTOR 5',NULL,NULL,'2025-01-05 16:36:53',NULL),(1757,10,'MEDICAL SIMULATOR PROJECT','','BUCURESTI','BUCURESTI','037775472',NULL,'RO41TREZ7035069XXX019223',NULL,NULL,0,'ODOBESTI 1 BUCURESTI',NULL,NULL,'2025-01-05 16:36:53',NULL),(1758,10,'SOF MEDICA','','BUCURESTI','BUCURESTI','6719715',NULL,'RO40TREZ7005069XXX001676',NULL,NULL,0,'B-DUL NICOLAE TITULESCU NR 3',NULL,NULL,'2025-01-05 16:36:53',NULL),(1759,10,'TOP DIAGNOSTICS SRL','','BUCURESTI','BUCURESTI','10572840',NULL,'RO53TREZ7005069XXX000375',NULL,NULL,0,'STR SIPOTUL FANTANILOR NR 8 ',NULL,NULL,'2025-01-05 16:36:53',NULL),(1760,10,'NATURAL ES  MEDICAL SRL','','TARGOVISTE','DIMBOVITA','29875195',NULL,'RO18TREZ2715069XXX007912',NULL,NULL,0,'B-DUL INDEPENDENTEI NR 3',NULL,NULL,'2025-01-05 16:36:53',NULL),(1761,10,'NOVENTIS INTERNATIONAL SRL','','MAGURELE','ILFOV','18168385',NULL,'RO14TREZ4215069XXX002661',NULL,NULL,0,'STR ROVINE NR 6 ',NULL,NULL,'2025-01-05 16:36:53',NULL),(1762,10,'DRAGER MEDICAL ROMANIA ','','BUCURESTI','BUCURESTI','2836925',NULL,'RO88TREZ7005069XXX002655',NULL,NULL,0,'STR DANIEL DANIELOPOLU NR 42A',NULL,NULL,'2025-01-05 16:36:53',NULL),(1763,10,'NITECH SRL','','BUCURESTI','BUCURESTI','13890865',NULL,'RO17TREZ7005069XXX001314',NULL,NULL,0,'B-DUL BUCURESTII NOINR 212A',NULL,NULL,'2025-01-05 16:36:53',NULL),(1764,10,'MEDIQ INNOVATIVE TECHNOLOGIES','','VOLUNTARI','ILFOV','26308935',NULL,'RO85TREZ4215069XXX005651',NULL,NULL,0,'STR FLORILOR NR 40',NULL,NULL,'2025-01-05 16:36:53',NULL),(1765,10,'KEMBLI  MED','','BRASOV','BRASOV','10511100',NULL,'RO45TREZ1315069XXX000392',NULL,NULL,0,'STR DE MIJLOC NR 173',NULL,NULL,'2025-01-05 16:36:53',NULL),(1766,10,'RIDAS OPTIC','','CLUJ- NAPOCA','CLUJ','33053435',NULL,'RO52TREZ2165069XXX033602',NULL,NULL,0,'STR SALCAMULUI NR 37 ',NULL,NULL,'2025-01-05 16:36:53',NULL),(1767,10,'NICONSULTING TECHNICS','','CHIAJNA','ILFOV','18448164',NULL,'RO85TREZ4215069XXX008270',NULL,NULL,0,'STR INTRAREA GURA LEULUI',NULL,NULL,'2025-01-05 16:36:53',NULL),(1768,10,'MEGAGEN DENTAL IMPLANT','','BUCURESTI','BUCURESTI','25691351',NULL,'RO25TREZ7005069XXX012713',NULL,NULL,0,'STR DELEA NOUA NR 38',NULL,NULL,'2025-01-05 16:36:53',NULL),(1769,10,'IQ WATER MEDICAL ','','HOLBOCA','IASI','35189272',NULL,'RO93TREZ4065069XXX022345',NULL,NULL,0,'STR DASCALILOR 10 ',NULL,NULL,'2025-01-05 16:36:53',NULL),(1770,10,'EUROMEDICAL IMPORT EXPORT','','CLUJ-NAPOCA','CLUJ','18475452',NULL,'RO10TREZ2165069XXX027568',NULL,NULL,0,'STR CIMPULUI NR 158',NULL,NULL,'2025-01-05 16:36:53',NULL),(1771,10,'GENERAL ELECTRIC COMPANY','','BUCURESTI','BUCURESTI','12924986',NULL,'RO04TREZ7005069XXX002033',NULL,NULL,0,'STR BARBU VACARESCU 301-311 ETAJ 3',NULL,NULL,'2025-01-05 16:36:53',NULL),(1772,10,'RUBICON EDITECH 89 ','','BUCURESTI','BUCURESTI','11110351',NULL,'RO40TREZ7045069XXX000361',NULL,NULL,0,'STR COVASNA NR 31',NULL,NULL,'2025-01-05 16:36:53',NULL),(1773,10,'APEP MEDICAL','','BUCURESTI','BUCURESTI','41912195',NULL,'RO67TREZ7025069XXX021630',NULL,NULL,0,'STR TELEAJAN NR 10',NULL,NULL,'2025-01-05 16:36:53',NULL),(1774,10,'SAFETY CONCEPT','','MIOVENI','ARGES','36219185',NULL,'RO34TREZ0495069XXX015083',NULL,NULL,0,'STR FRATII GOLESTI ',NULL,NULL,'2025-01-05 16:36:53',NULL),(1775,10,'ORTOPROFIL PROD','','TARGU MURES','MURES','6877197',NULL,'RO52TREZ4765069XXX000798',NULL,NULL,0,'STR PODENI NR 44/A',NULL,NULL,'2025-01-05 16:36:53',NULL),(1776,10,'PROSAFE TOTAL','','ARAD','ARAD','31339385',NULL,'RO04TREZ0215069XXX024731',NULL,NULL,0,'STR COCORILOR NR 19',NULL,NULL,'2025-01-05 16:36:53',NULL),(1777,10,'CHRONOS TRADE MEDICAL','','BUCURESTI','BUCURESTI','34533881',NULL,'RO02TREZ7015069XXX018982',NULL,NULL,0,'STR ALEX CONSTANTINESCU NR 46-48',NULL,NULL,'2025-01-05 16:36:53',NULL),(1778,10,'ZETMAN KRAFT','','ARAD','ARAD','33028695',NULL,'RO50TREZ0215069XXX024388',NULL,NULL,0,'STR CALEA AUREL VLAICU ',NULL,NULL,'2025-01-05 16:36:53',NULL),(1779,10,'ECOPROFI SERV','','GALATI','GALATI','27477770',NULL,'RO28TREZ3065069XXX011091',NULL,NULL,0,'STR FEROVIARILOR NR 9',NULL,NULL,'2025-01-05 16:36:53',NULL),(1780,10,'SIMAC IMPEX TRADING','','BUCURESTI','BUCURESTI','20970789',NULL,'RO87TREZ7065069XXX010352',NULL,NULL,0,'BUCURESTI SECTOR 6',NULL,NULL,'2025-01-05 16:36:53',NULL),(1781,10,'INEDIT CLEAN TOTAL','','CATELU','ILFOV','34397550',NULL,'RO92TREZ4215069XXX009308',NULL,NULL,0,'STR INDEPENDENTEI 38',NULL,NULL,'2025-01-05 16:36:53',NULL),(1782,10,'ROYAL MOTORS','','ARGES','ARGES','13341468',NULL,'RO09TREZ0465069XXX000781',NULL,NULL,0,'BRADU DN65B ',NULL,NULL,'2025-01-05 16:36:53',NULL),(1783,10,'RS MEDICAL LINE','','BUCURESTI','BUCURESTI','39579618',NULL,'RO61TREZ4225069XXX002044',NULL,NULL,0,'STR LT BAZAR ROMULUS NICOLESCU ',NULL,NULL,'2025-01-05 16:36:53',NULL),(1784,10,'EVIDENT VERIAN','','PIATRA-NEAMT','NEAMT','38456153',NULL,'RO10TREZ4915069XXX016435',NULL,NULL,0,'STR GENERAL DASCALESCU 365 ',NULL,NULL,'2025-01-05 16:36:53',NULL),(1785,10,'PROFIPACK','','BUCURESTI','BUCURESTI','23560481',NULL,'RO29TREZ7035069XXX021185',NULL,NULL,0,'STR SOLD. NICOLAE SEBE NR 4',NULL,NULL,'2025-01-05 16:36:53',NULL),(1786,10,'RENANIA TRADE','','TARGU-MURES','MURES','8006912',NULL,'RO92TREZ4765069XXX000660',NULL,NULL,0,'STR BUDIULUI NR 68',NULL,NULL,'2025-01-05 16:36:53',NULL),(1787,10,'AA COMPUTERS SHOP','','SIBIU','SIBIU','26194571',NULL,'RO64TREZ5765069XXX010290',NULL,NULL,0,'B-DUL VASILE MILEA NR 11A',NULL,NULL,'2025-01-05 16:36:53',NULL),(1788,10,'LUGIA NEW SERV','','PLOIESTI','PRAHOVA','25184219',NULL,'RO83TREZ5215069XXX011515',NULL,NULL,0,'STR EROU NICOLAE ARHIP',NULL,NULL,'2025-01-05 16:36:53',NULL),(1789,10,'LIMAS GROUP','','BUCURESTI','BUCURESTI','11013782',NULL,'RO12TREZ7005069XXX005187',NULL,NULL,0,'SECTOR 2, GRIGORE MOISIL',NULL,NULL,'2025-01-05 16:36:53',NULL),(1790,10,'GREBO 2003 SRL','','PITESTI','ARGES','15220934',NULL,'RO19TREZ0465069XXX001280',NULL,NULL,0,'STR CALEA CAMPULUNG NR 647',NULL,NULL,'2025-01-05 16:36:53',NULL),(1791,10,'MULTI LAB','','BUCUCRESTI','BUCURESTI','15537534',NULL,'RO87TREZ7005069XXX008008',NULL,NULL,0,'STR BAIA DE ARAMA NR 1',NULL,NULL,'2025-01-05 16:36:53',NULL),(1792,10,'MEDICAL GRUP','','CLUJ-NAPOCA','CLUJ','17845905',NULL,'RO58TREZ2165069XXX015064',NULL,NULL,0,'STR IULIU MANIUNR 28',NULL,NULL,'2025-01-05 16:36:53',NULL),(1793,10,'EXIMIA MEDICAL','','BUCURESTI','BUCURESTI','39470890',NULL,'RO75TREZ7005069XXX015402',NULL,NULL,0,'STR GHE TITEICA NR 142',NULL,NULL,'2025-01-05 16:36:53',NULL),(1794,10,'TECMED','','BUBURESTI','BUCURESTI','1578232',NULL,'RO16TREZ7005069XXX005309',NULL,NULL,0,'STR GRIGORE MORA NR 34',NULL,NULL,'2025-01-05 16:36:53',NULL),(1795,10,'MEDICAL DEVICES&DIAGNOSTICS','','BUCURESTI','BUCURESTI','25045148',NULL,'RO69TREZ7005069XXX007750',NULL,NULL,0,'STR DRUMUL VALEA FURNICII NR 111C',NULL,NULL,'2025-01-05 16:36:53',NULL),(1796,10,'SALVIS VLD','','BUGHEA DE JOS','ARGES','34028561',NULL,'RO64TREZ0475069XXX004870',NULL,NULL,0,'STR PRICIPALA 115117 ',NULL,NULL,'2025-01-05 16:36:53',NULL),(1797,10,'MEDICAL TECHNOLOGIES WORLD','','BUCURESTI','BUCURESTI','31041485',NULL,'RO41TREZ7055069XXX008914',NULL,NULL,0,'STR SABINELOR NR 87',NULL,NULL,'2025-01-05 16:36:53',NULL),(1798,10,'GENERAL MEDICALS ACTIVE','','TG MURES ','MURES','18604735',NULL,'RO84TREZ4765069XXX015063',NULL,NULL,0,'STR  ARANY JANOS NR 4',NULL,NULL,'2025-01-05 16:36:53',NULL),(1799,10,'CONFERMET INDUSTRIAL','','BUCURESTI','BUCURESTI','38548516',NULL,'RO64TREZ7025069XXX021296',NULL,NULL,0,'SOSEAUA PANTELIMON NR 1A',NULL,NULL,'2025-01-05 16:36:53',NULL),(1800,10,'BROKMED ','','SFANTU GHEORGHE','COVASNA','24109723',NULL,'RO93TREZ2565069XXX004000',NULL,NULL,0,'STR KOS KAROLY NR 96',NULL,NULL,'2025-01-05 16:36:53',NULL),(1801,10,'TENYSTON OFFICE','','BUCURESTI','BUCURESTI','24967719',NULL,'RO70TREZ7015069XXX021541',NULL,NULL,0,'STR LIMANULUI NR 71',NULL,NULL,'2025-01-05 16:36:53',NULL),(1802,10,'NASTIMED SERV','','CLUJ - NAPOCA','CLUJ','8939059',NULL,'RO47TREZ2165069XXX011867',NULL,NULL,0,'STR MIHAI EMINESCU NR 1',NULL,NULL,'2025-01-05 16:36:53',NULL),(1803,10,'PRO SOFT AVANGARD','','PANTELIMON','ILFOV','32293502',NULL,'RO48TREZ4215069XXX008645',NULL,NULL,0,'STR INTRAREA RASCOALEI NR 33',NULL,NULL,'2025-01-05 16:36:53',NULL),(1804,10,'SRM MEDICAL','','BUCURESTI','BUCURESTI','18746225',NULL,'RO70TREZ7055069XXX003736',NULL,NULL,0,'STR PRETORIENILOR NR 6 SECTOR 6',NULL,NULL,'2025-01-05 16:36:53',NULL),(1805,10,'AMEX IMPORT EXPORT','','BUCURESTI','BUCURESTI','5394950',NULL,'RO28TREZ7005069XXX003347',NULL,NULL,0,'STR INTRAREA TITAN NR 10',NULL,NULL,'2025-01-05 16:36:53',NULL),(1806,10,'GLOBAL EQUIPMENTS','','CRAIOVA','DOLJ','26486690',NULL,'RO03TREZ2915069XXX010919',NULL,NULL,0,'STR DRUMUL APELOR NR 93',NULL,NULL,'2025-01-05 16:36:53',NULL),(1807,10,'ADA ELECTRIC','','CRAIOVA','DOLJ','15449068',NULL,'RO75TREZ2915069XXX003512',NULL,NULL,0,'STR CALEA BUCURESTI NR 139/7',NULL,NULL,'2025-01-05 16:36:53',NULL),(1808,10,'PROHEALTH  MED','','SLOBOZIA','IALOMITA','37869941',NULL,'',NULL,NULL,0,'STR LACULUI BL 36 ',NULL,NULL,'2025-01-05 16:36:53',NULL),(1809,10,'FINAL MANAGEMENT SOLUTION','','BUCURESTI','BUCURESTI','32049509',NULL,'RO74TREZ7005069XXX015323',NULL,NULL,0,'B-DUL THEODOR PALLADY NR 287',NULL,NULL,'2025-01-05 16:36:53',NULL),(1810,10,'DENTAL VLADMED VM','','BRASOV','BRASOV','19378199',NULL,'RO03TREZ1315069XXX008811',NULL,NULL,0,'STR PARAULUI NR 3',NULL,NULL,'2025-01-05 16:36:53',NULL),(1811,10,'SYNTTERGY CONSULT','','CLUJ-NAPOCA','CLUJ','14446373',NULL,'RO64TREZ2165069XXX009427',NULL,NULL,0,'STR VALERIU BOLOGA 3 ',NULL,NULL,'2025-01-05 16:36:53',NULL),(1812,10,'AIR LIQUIDE VITALAIRE','','BUCURESTI','BUCURESTI','18179732',NULL,'RO93TREZ7005069XXX013138',NULL,NULL,0,'STR FECIOAREI NR 7',NULL,NULL,'2025-01-05 16:36:53',NULL),(1813,10,'HDL UNION','','CLUJ-NAPOCA','CLUJ','16646521',NULL,'RO08TREZ2165069XXX014412',NULL,NULL,0,'STR EUGEN IONESCO NR 105/2',NULL,NULL,'2025-01-05 16:36:53',NULL),(1814,10,'MEDITECH  CMA','','IASI','IASI','14238283',NULL,'RO27TREZ4065069XXX001126',NULL,NULL,0,'STR SEMANATORULUI NR 7',NULL,NULL,'2025-01-05 16:36:53',NULL),(1815,10,'AMADOT CONCEPT','','OTOPENI','ILFOV','39591875',NULL,'RO75TREZ4215069XXX015822',NULL,NULL,0,'STR MARAMURES NR 22',NULL,NULL,'2025-01-05 16:36:53',NULL),(1816,10,'GE HEALTCHARE','','BUCURESTI','BUCURESTI','12924986',NULL,'RO04TREZ7005069XXX002033',NULL,NULL,0,'STR BARBU VACARESCU ',NULL,NULL,'2025-01-05 16:36:53',NULL),(1817,10,'BIOGENETIX SRL','','CORBEANCA ','ILFOV','15845119',NULL,'RO30TREZ4215069XXX009163',NULL,NULL,0,'STR UNIRII NR 68 ',NULL,NULL,'2025-01-05 16:36:53',NULL),(1818,10,'LED IMPACT 93 SRL','','BUCURESTI','BUCURESTI','32240109',NULL,'RO12TREZ7065069XXX012769',NULL,NULL,0,'STR STUPA NR 16',NULL,NULL,'2025-01-05 16:36:53',NULL),(1819,10,'EYECON MEDICAL','','BUCURESTI','BUCURESTI','14923065',NULL,'RO51TREZ7005069XXX005746',NULL,NULL,0,'STR PAJUREI NR 26',NULL,NULL,'2025-01-05 16:36:53',NULL),(1820,10,'HALMADENT SRL','','BRASOV','BRASOV','16749799',NULL,'RO45TREZ1315069XXX006891',NULL,NULL,0,'STR BANATULUI NR 10',NULL,NULL,'2025-01-05 16:36:53',NULL),(1821,10,'B BRAUN MEDICAL','','TIMISOARA','TIMIS','11080242',NULL,'RO44TREZ6215069XXX000682',NULL,NULL,0,'STR BREND BRAUN NR 1',NULL,NULL,'2025-01-05 16:36:53',NULL),(1822,10,'BIOCOMP SRL','','IASI ','IASI','1973703',NULL,'RO71TREZ4065069XXX002468',NULL,NULL,0,'B-DUL CHIMIEI',NULL,NULL,'2025-01-05 16:36:53',NULL),(1823,10,'EUROMATIC PLUS','','BUCURESTI','BUCURESTI','21391939',NULL,'RO06TREZ7015069XXX007852',NULL,NULL,0,'STR CLUJ NR 51',NULL,NULL,'2025-01-05 16:36:53',NULL),(1824,10,'KARIMED PARTENER','','BUCURESTI','BUCURESTI','15938900',NULL,'RO12TREZ7055069XXX011376',NULL,NULL,0,'STR DRUMUL COOPERATIVEI NR 18E',NULL,NULL,'2025-01-05 16:36:53',NULL),(1825,10,'MEDI TECH BUSINESS','','BUCURESTI','BUCURESTI','5726838',NULL,'RO44TREZ7015069XXX003385',NULL,NULL,0,'STR SEVASTOPOL NR 13-17',NULL,NULL,'2025-01-05 16:36:53',NULL),(1826,10,'PROMEDICA COM','','HUNEDOARA','HUNEDOARA','8133860',NULL,'RO94TREZ3675069XXX000107',NULL,NULL,0,'A IANCU NR 3',NULL,NULL,'2025-01-05 16:36:53',NULL),(1827,10,'BLUE WAY EXPERIENCE','','BUCURESTI','BUCURESTI','42441304',NULL,'RO57TREZ7015069XXX021678',NULL,NULL,0,'STR ARGENTINA NR 25',NULL,NULL,'2025-01-05 16:36:53',NULL),(1828,10,'TRANS  MENTOR','','BUCURESTI','BUCURESTI','18284932',NULL,'RO50TREZ7055069XXX005939',NULL,NULL,0,'CALEA RAHOVEI NR 266-268',NULL,NULL,'2025-01-05 16:36:53',NULL),(1829,10,'GRAZY PRICE MEDICAL','','BUCURESTI','BUCURESTI','18258178',NULL,'RO77TREZ6215069XXX006102',NULL,NULL,0,'STR  ARMONIEI NR 4',NULL,NULL,'2025-01-05 16:36:53',NULL),(1830,10,'CORAMED','','BUCURESTI','BUCURESTI','16623412',NULL,'RO38TREZ7005069XXX003070',NULL,NULL,0,'STR GLADITEI NR 42',NULL,NULL,'2025-01-05 16:36:53',NULL),(1831,10,'GENODYNAMIC ','','ILFOV','ILFOV','24994004',NULL,'RO62TREZ4225069XXX001153',NULL,NULL,0,'STR NUCULUI NR 11',NULL,NULL,'2025-01-05 16:36:53',NULL),(1832,10,'DEMOPHORIUS HEALTHCARE','','BUCURESTI ','BUCURESTI','30690956',NULL,'RO49TREZ7025069XXX015455',NULL,NULL,0,'STR RAMURI TEI NR 2',NULL,NULL,'2025-01-05 16:36:53',NULL),(1833,10,'PROMED SOLUTION MD','','BUCURESTI','BUCURESTI','31854062',NULL,'RO14TREZ7015069XXX014789',NULL,NULL,0,'DRUMUL PADUREA NEAGRA NR 19-85',NULL,NULL,'2025-01-05 16:36:53',NULL),(1834,10,'TOP  TRADE MEDICAL','','BUCURESTI','BUCURESTI','24168606',NULL,'RO89TREZ7005069XXX011076',NULL,NULL,0,'STR VIGILENTEI NR 6',NULL,NULL,'2025-01-05 16:36:53',NULL),(1835,10,'THREE PHARM','','TARGU-MURES','MURES','26361386',NULL,'RO41TREZ4765069XXX011084',NULL,NULL,0,'STR EVREILOR MARTIRI NR 4',NULL,NULL,'2025-01-05 16:36:53',NULL),(1836,10,'OVAVINCI ','','SUCEAVA','SUCEAVA','31886668',NULL,'RO97TREZ5915069XXX007117',NULL,NULL,0,'STR PRUNULUI NR 5',NULL,NULL,'2025-01-05 16:36:53',NULL),(1837,10,'JOHNSON JOHNSON','','BUCURESTI','BUCURESTI','27452199',NULL,'RO23TREZ7005069XXX010130',NULL,NULL,0,'STR TIPOGRAFILOR NR 11-15',NULL,NULL,'2025-01-05 16:36:53',NULL),(1838,10,'ATUM MEDCARE','','BUCURESTI','BUCURESTI','26812311',NULL,'RO04TREZ7035069XXX016106',NULL,NULL,0,'STR MIZIL NR 2',NULL,NULL,'2025-01-05 16:36:53',NULL),(1839,10,'EVOMED ','','IASI BARNOVA','IASI','21730636',NULL,'RO61TREZ4065069XXX011475',NULL,NULL,0,'STR C BRANCOVEANU NR 4',NULL,NULL,'2025-01-05 16:36:53',NULL),(1840,10,'MEDIPLUS SOLUTION','','BUCURESTI','BUCURESTI','33301000',NULL,'RO10TREZ7005069XXX012692',NULL,NULL,0,'STR NICOLAE CARAMFIL NR 59',NULL,NULL,'2025-01-05 16:36:53',NULL),(1841,10,'CARTO PLAST','','BUCURESTI','BUCURESTI','22847422',NULL,'RO44TREZ7015069XXX014734',NULL,NULL,0,'STR CRONICAR ION NECULCE NR 81',NULL,NULL,'2025-01-05 16:36:53',NULL),(1842,10,'GLOBAL TREAT','','GALATI','GALATI','32255894',NULL,'RO45TREZ3065069XXX018351',NULL,NULL,0,'STR PORTULUI NR 157',NULL,NULL,'2025-01-05 16:36:53',NULL),(1843,10,'CLEANING LOGISTIC DISTRIBUTION','','BUCURESTI','ILFOV','32521457',NULL,'RO33TREZ7015069XXX022013',NULL,NULL,0,'STR PANDURI NR 120 B',NULL,NULL,'2025-01-05 16:36:53',NULL),(1844,10,'TECHTEX','','OSORHEI','BIHOR','26063142',NULL,'RO24TREZ0765069XXX019797',NULL,NULL,0,'STR 1 NR 312',NULL,NULL,'2025-01-05 16:36:53',NULL),(1845,10,'NAGUMA MEDICAL SUPPLY','','BUCURESTI','BUCURESTI','41754575',NULL,'RO13TREZ7025069XXX021729',NULL,NULL,0,'STR ZIDURI MOSI NR 25',NULL,NULL,'2025-01-05 16:36:53',NULL),(1846,10,'PAUL HARTMANN','','BUCURESTI','BUCURESTI','3102390',NULL,'RO14TREZ7005069XXX012135',NULL,NULL,0,'B-DUL DIMITRIE POMPEI NR 9-9A',NULL,NULL,'2025-01-05 16:36:53',NULL),(1847,10,'RAFI MEDICAL','','BUCURESTI','BUCURESTI','9245101',NULL,'RO13TREZ7005069XXX002453',NULL,NULL,0,'STR FOISORULUI NR 9',NULL,NULL,'2025-01-05 16:36:53',NULL),(1848,10,'ARTISANA MEDICAL','','BUCURESTI','BUCURESTI','22742850',NULL,'RO96TREZ7005069XXX010368',NULL,NULL,0,'STR TELEAJEN NR 50 ',NULL,NULL,'2025-01-05 16:36:53',NULL),(1849,10,'SPORTMED SYSTEMS','','BUCURESTI','BUCURESTI','29807808',NULL,'RO91TREZ7005069XXX010264',NULL,NULL,0,'STR AL. TANDALA NR 13',NULL,NULL,'2025-01-05 16:36:53',NULL),(1850,10,'RAMIDO STAFF ','','BUCURESTI','BUCURESTI','26054535',NULL,'RO26TREZ7005069XXX011531',NULL,NULL,0,'STR VIITORULUI NR 171',NULL,NULL,'2025-01-05 16:36:53',NULL),(1851,10,'DACO MEDICAL TECHNOLOGIES','','BUCURESTI','BUCURESTI','28704464',NULL,'RO42TREZ7025069XXX014417',NULL,NULL,0,'STR MIHAI EMINESCU NR 138',NULL,NULL,'2025-01-05 16:36:53',NULL),(1852,10,'ALISON HAYES','','URZICENI','IALOMITA','5222849',NULL,'RO81TREZ3915069XXX008650',NULL,NULL,0,'SOS BUCURESTI-BUZAU KM 55,2',NULL,NULL,'2025-01-05 16:36:53',NULL),(1853,10,'LONG  TERM CAPITAL MANAGEMENT','','TOMESTI ','IASI','37823782',NULL,'RO16TREZ4065069XXX026835',NULL,NULL,0,'FOSTA INCINTA COMTOM,CLADIREA  C 3',NULL,NULL,'2025-01-05 16:36:53',NULL),(1854,10,'AXIOMA MEDICAL','','BUCURESTI','BUCURESTI','43152371',NULL,'RO91TREZ7015069XXX021842',NULL,NULL,0,'STR CAMELIEI NR 28',NULL,NULL,'2025-01-05 16:36:53',NULL),(1855,10,'DARA BUSINESS MARKETING','','CHIAJNA','ILFOV','34872713',NULL,'RO72TREZ4215069XXX014809',NULL,NULL,0,'STR PADURII NR 21',NULL,NULL,'2025-01-05 16:36:53',NULL),(1856,10,'SAB TRANS CONSULT','','BUCURESTI','BUCURESTI','17030731',NULL,'RO54TREZ7045069XXX004086',NULL,NULL,0,'STR POSTALIONULUI NR 97-101',NULL,NULL,'2025-01-05 16:36:53',NULL),(1857,10,'MEDICO INTERNATIONAL','','BUCURESTI','BUCURESTI','16016500',NULL,'RO66TREZ7005069XXX010229',NULL,NULL,0,'STR TEIUL DOAMNEI ',NULL,NULL,'2025-01-05 16:36:53',NULL),(1858,10,'DELUXE MEDICRTAFTS','','BUCURESTI','BUCURESTI','18035010',NULL,'RO16TREZ7005069XXX013942',NULL,NULL,0,'STR CALEA CALARASI NR 167',NULL,NULL,'2025-01-05 16:36:53',NULL),(1859,10,'CATTUS ','','TG MURES','MURES','14544908',NULL,'RO69TREZ4765069XXX009707',NULL,NULL,0,'STR ALEEA CARPATI NR 53',NULL,NULL,'2025-01-05 16:36:53',NULL),(1860,10,'ROMBIOMEDICA','','BUCURESTI','BUCURESTI','8936885',NULL,'RO18TREZ7005069XXX003333',NULL,NULL,0,'STR PARIS NR 49',NULL,NULL,'2025-01-05 16:36:53',NULL),(1861,10,'BEST ACHIZITII ','','BUCURESTI','BUCURESTI','32125703',NULL,'RO36TREZ7005069XXX014552',NULL,NULL,0,'B-DUL FERDINAND NR 58',NULL,NULL,'2025-01-05 16:36:53',NULL),(1862,10,'SINOFARM','','GIROC','TIMIS','44015615',NULL,'RO24TREZ7005069XXX015253',NULL,NULL,0,'STR DESTINULUI NR 3',NULL,NULL,'2025-01-05 16:36:53',NULL),(1863,10,'MEDPLAZA  HEALTH','','BUCURESTI','BUCURESTI','41024228',NULL,'RO05TREZ4215069XXX015724',NULL,NULL,0,'STR TEPES VODA NR 89',NULL,NULL,'2025-01-05 16:36:53',NULL),(1864,10,'AVENA MEDICA','','CHITILA','ILFOV','24684380',NULL,'RO09TREZ4215069XXX008183',NULL,NULL,0,'STR SOS BANATULUI NR 147C',NULL,NULL,'2025-01-05 16:36:53',NULL),(1865,10,'DG GROUP','','CALARASI','CALARASI','14161406',NULL,'RO46TREZ2015069XXX000787',NULL,NULL,0,'STR DR ING CIULINARU ION NR 4',NULL,NULL,'2025-01-05 16:36:53',NULL),(1866,10,'VETRO DESIGN ','','BUCURESTI','BUCURESTI','8409931',NULL,'RO93TREZ7005069XXX003632',NULL,NULL,0,'STR VERONICA MICLE NR 20',NULL,NULL,'2025-01-05 16:36:53',NULL),(1867,10,'ALEREB','','BIHOR','BIHOR','27666605',NULL,'RO70TREZ0765069XXX015671',NULL,NULL,0,'STR MIHAI VITEAZUL NR 6A',NULL,NULL,'2025-01-05 16:36:53',NULL),(1868,10,'ARLECHIN TOTAL DISTRIBUTION','','PITESTI','ARGES','27181987',NULL,'RO58TREZ7025069XXX022665',NULL,NULL,0,'STR IERNII NR 14',NULL,NULL,'2025-01-05 16:36:53',NULL),(1869,10,'PRIME HEALTHCARE','','CALARASI','CALARASI','22609455',NULL,'RO97TREZ2015069XXX003652',NULL,NULL,0,'STR CORNISEI NR 14',NULL,NULL,'2025-01-05 16:36:53',NULL),(1870,10,'PROPERMED SUPPLIES','','MALU MARE','DOLJ','40625882',NULL,'RO64TREZ2915069XXX023013',NULL,NULL,0,'STR PANSELUTEI NR 15',NULL,NULL,'2025-01-05 16:36:53',NULL),(1871,10,'GEMA EQUIPAMENTS','','BUCURESTI','BUCURESTI','37351663',NULL,'RO94TREZ7015069XXX023922',NULL,NULL,0,'STR DESPOT VODA NR 32A',NULL,NULL,'2025-01-05 16:36:53',NULL),(1872,10,'TODY LABORATORIES INT','BUCURESTI','BUCURESTI','BUCURESTI','4134935',NULL,'RO96TREZ7005069XXX005518',NULL,NULL,0,'STR.VADUL MOLDOVEI NR 22',NULL,NULL,'2025-01-05 16:36:53',NULL),(1873,10,'LABELMARK SOLUTION ','','MURES','TG MURES','35826022',NULL,'RO09TREZ4765069XXX018353',NULL,NULL,0,'STR 22 DECEMBRIE1989 NR 50,AP.11',NULL,NULL,'2025-01-05 16:36:53',NULL),(1874,10,'DEZIMED','2000','BUCURESTI','BUCURESTI','12933224',NULL,'RO30TREZ7055069XXX000673',NULL,NULL,0,'SOS. PANDURI,NR 29,BL P2a, SC 1,ET 7',NULL,NULL,'2025-01-05 16:36:53',NULL),(1875,10,'AL CARINA SRL','2280','PLOIESTI','PRAHOVA','4621450',NULL,'RO04TREZ5215069XXX001782',NULL,NULL,0,'STR PIRAMIDEI NR 8',NULL,NULL,'2025-01-05 16:36:53',NULL),(1876,10,'SORIMED DENTAL','','CLUJ NAPOCA','CLUJ','29444257',NULL,'RO05TREZ2165069XXX028143',NULL,NULL,0,'STR MURESULUI NR 58/26',NULL,NULL,'2025-01-05 16:36:53',NULL),(1877,10,'AXA PHARM MEDCHIM','','BUZAU','BUZAU','30411040',NULL,'RO59TREZ1665069XXX009998',NULL,NULL,0,'STR MARACINENI NR 186',NULL,NULL,'2025-01-05 16:36:53',NULL),(1878,10,'NERAMO DISTRIBUTION','','CRAIOVA','DOLJ','16174216',NULL,'RO31TREZ2915069XXX004789',NULL,NULL,0,'STR STEFAN CEL MARE NR 83',NULL,NULL,'2025-01-05 16:36:53',NULL),(1879,10,'DASK VISION','','BUCURESTI','BUCURESTI','36867578',NULL,'RO18TREZ7015069XXX022962',NULL,NULL,0,'STR POPA SAVU NR 61',NULL,NULL,'2025-01-05 16:36:53',NULL),(1880,10,'BIOLIFE GRUP','','BUCURESTI','BUCURESTI','15487975',NULL,'RO85TREZ7005069XXX010566',NULL,NULL,0,'STR VALEA BUZAULUI NR 10',NULL,NULL,'2025-01-05 16:36:53',NULL),(1881,10,'DAC MEDICAL PLUS','','BRANESTI','ILFOV','43694607',NULL,'RO03TREZ4215069XXX016439',NULL,NULL,0,'STR VIOLETELOR NR 15D',NULL,NULL,'2025-01-05 16:36:53',NULL),(1882,10,'AVA MEDICAL SERVICES','','ORADEA','ORADEA','29139431',NULL,'RO34TREZ0765069XXX012633',NULL,NULL,0,'STR JULES VERNE NR 1',NULL,NULL,'2025-01-05 16:36:53',NULL),(1883,10,'CLINI-LAB','','BUCURESTI','BUCURESTI','3102218',NULL,'RO62TREZ4765069XXX001394',NULL,NULL,0,'STR ISER IOSIF NR 19-21 ',NULL,NULL,'2025-01-05 16:36:53',NULL),(1884,10,'BIOTECHNICS IMPLANT','','BUCURESTI','BUCURESTI','30810491',NULL,'RO48TREZ7035069XXX014635',NULL,NULL,0,'STR CF ROBESCU NR 12',NULL,NULL,'2025-01-05 16:36:53',NULL),(1885,10,'HD PROFESSIONAL','','BERCENI','ILFOV','41692367',NULL,'RO59TREZ4215069XXX015625',NULL,NULL,0,'STR ION CREANGA NR 8 ',NULL,NULL,'2025-01-05 16:36:53',NULL),(1886,10,'SANROTEX TRADING','','BACAU','BACAU','32163740',NULL,'RO72TREZ0615069XXX013267',NULL,NULL,0,'',NULL,NULL,'2025-01-05 16:36:53',NULL),(1887,10,'ATLAS MEDICAL','','TARGU-MURES ','MURES','42958255',NULL,'RO85TREZ4765069XXX018828',NULL,NULL,0,'STR VOINICENILOR NR 62',NULL,NULL,'2025-01-05 16:36:53',NULL),(1888,10,'MEDAZ LIFE CONSUM ','','CERNICA','ILFOV','37624364',NULL,'RO48TREZ7035069XXX020455',NULL,NULL,0,'STR OXIGENULUI NR 4 A',NULL,NULL,'2025-01-05 16:36:53',NULL),(1889,10,'CERTINVEST','','DRAGANESTI','BIHOR','15877382',NULL,'RO40TREZ0765069XXX018830',NULL,NULL,0,'SAT PANTASESTI NR 41',NULL,NULL,'2025-01-05 16:36:53',NULL),(1890,10,'ZENMED SOLUTION','','VOLUNTARI','ILFOV','16574751',NULL,'RO95TREZ4215069XXX017111',NULL,NULL,0,'STR TUBEROZELOR NR 7C',NULL,NULL,'2025-01-05 16:36:53',NULL),(1891,10,'AVI LAB','RO89TREZ702506','BUCURESTI','BUCURESTI','44471166',NULL,'',NULL,NULL,0,'STR SOS GHERASE NR 131',NULL,NULL,'2025-01-05 16:36:53',NULL),(1892,10,'NOVOMED INTERNATIONAL','RO19TREZ700506','BUCURESTI','BUCURESTI','31266046',NULL,'RO19TREZ7005069XXX015343',NULL,NULL,0,'SEDIUL RAMURI TEI NR 20',NULL,NULL,'2025-01-05 16:36:53',NULL),(1893,10,'L P MEDICAL ','','TIMISOARA','TIMIS','42026251',NULL,'RO71TREZ6215069XXX027453',NULL,NULL,0,'B DUL CETATII NR 1',NULL,NULL,'2025-01-05 16:36:53',NULL),(1894,10,'CRAD RO','','BRASOV','BRASOV','13920524',NULL,'RO07TREZ1315069XXX020088',NULL,NULL,0,'SEDIUL TIMIS TRIAJ NR 6',NULL,NULL,'2025-01-05 16:36:53',NULL),(1895,10,'ZARYS INTERNATIONAL GROUP','','CLUJ NAPOCA','CLUJ','45028265',NULL,'RO94TREZ2165069XXX044001',NULL,NULL,0,'STR ORASTIEI NR 10',NULL,NULL,'2025-01-05 16:36:53',NULL),(1896,10,'PURAMA','','TARGU MURES','MURES','34906891',NULL,'RO93TREZ4765069XXX016453',NULL,NULL,0,'ALEEA CARPATI  BL 39 SC B AP 55',NULL,NULL,'2025-01-05 16:36:53',NULL),(1897,10,'INTERPLUS DISTRIBUTION','','BUCURESTI','BUCURESTI','40912103',NULL,'RO78TREZ7045069XXX013936',NULL,NULL,0,'STR SOS DAMBULUI NR 74',NULL,NULL,'2025-01-05 16:36:53',NULL),(1898,10,'MEDTEHNIK','','IASI','','33534404',NULL,'RO09TREZ4065069XXX021044',NULL,NULL,0,'STR NUFARULUI NR 16 ',NULL,NULL,'2025-01-05 16:36:53',NULL),(1899,10,'LC RHEA MEDICAL CARE','','BUCURESTI','BUCURESTI','22512001',NULL,'RO52TREZ7015069XXX013814',NULL,NULL,0,'STR NAZARCEA NR 31',NULL,NULL,'2025-01-05 16:36:53',NULL),(1900,10,'BIO HYGIENE','','BUCURESTI','BUCURESTI','29674809',NULL,'RO91TREZ7005069XXX015211',NULL,NULL,0,'STR ARGENTINA NR 25',NULL,NULL,'2025-01-05 16:36:53',NULL),(1901,10,'SANTOMED IMPEX ','','BUCURESTI','BUCURESTI','25115790',NULL,'RO86TREZ7065069XXX007654',NULL,NULL,0,'STR DEZROBIRII NR 40',NULL,NULL,'2025-01-05 16:36:53',NULL),(1902,10,'INPOINT MEDICARE','','CHIAJNA ','ILFOV','37404300',NULL,'RO73TREZ4215069XXX014209',NULL,NULL,0,'STR GURA LEULUI NR 57',NULL,NULL,'2025-01-05 16:36:53',NULL),(1903,10,'ALL IN PHARMA MED','','GHIRODA','TIMIS','42816714',NULL,'RO86TREZ6215069XXX031548',NULL,NULL,0,'STR PIETRELE DOAMNEI NR 6',NULL,NULL,'2025-01-05 16:36:53',NULL),(1904,10,'CIX INTERPROD','','MANGALIA','CONSTANTA','42876783',NULL,'RO31TREZ2315069XXX031498',NULL,NULL,0,'SOS MANGALIEI NR 193',NULL,NULL,'2025-01-05 16:36:53',NULL),(1905,2,'NURVIL SRL','','RM VILCEA','VILCEA','8517267',NULL,'RO96TREZ6715069XXX001787',NULL,NULL,0,'STR RIURENI NR 38',NULL,NULL,'2025-01-05 16:36:53',NULL),(1906,2,'RO ARMYSECURITY S.A.','J40/11387/201','BUCURESSTI','BUCURESTI','29136150',NULL,'RO67TREZ7065069XXX010615',NULL,NULL,0,'STR. CALEA PLEVNEI, NR. 141A',NULL,NULL,'2025-01-05 16:36:53',NULL),(1907,2,'TELEKOM ROMANIA MOBILE','','BUCURESTI','BUCURESTI','11952970',NULL,'RO22TREZ7005069XXX000448',NULL,NULL,0,'SPLAIUL INDEPENDENTEI NR 319G',NULL,NULL,'2025-01-05 16:36:53',NULL),(1908,2,'ORANGE ROMANIA COMUNICATIONS','','BUCURESTI','BUCURESTI','9010105',NULL,'RO02TREZ7005069XXX000711',NULL,NULL,0,'PIATA PRESEI LIBERE NR 3-5',NULL,NULL,'2025-01-05 16:36:53',NULL),(1909,2,'LOAZIR','','PITESTI','ARGES','2518964',NULL,'RO75TREZ0465069XXX001533',NULL,NULL,0,'',NULL,NULL,'2025-01-05 16:36:53',NULL),(1910,2,'GELUX MTG 2004','J03/448/2004','PITESTI','ARGES','16224411',NULL,'RO26TREZ0465069XXX005422',NULL,NULL,0,'',NULL,NULL,'2025-01-05 16:36:53',NULL),(1911,2,'INTELIGENT TEHNOLOGY SYSTEMS','J03/1707/2008','PITESTI','ARGES','24341102',NULL,'RO67TREZ0465069XXX006915',NULL,NULL,0,'',NULL,NULL,'2025-01-05 16:36:53',NULL),(1912,2,'DRAGON OIL','J03/1653/1994','PITESTI','ARGES','6388379',NULL,'RO40TREZ0465069XXX002066',NULL,NULL,0,'',NULL,NULL,'2025-01-05 16:36:53',NULL),(1913,2,'RAR ARGES','','PITESTI','ARGES','1590236',NULL,'RO25TREZ7005069XXX000491',NULL,NULL,0,'',NULL,NULL,'2025-01-05 16:36:53',NULL),(1914,2,'ADRAS COM IMPEX','J40/1757/1992','BUCURESTI','BUCURESTI','456717',NULL,'RO90RNCB0077016605540001',NULL,NULL,0,'BUCURESTI',NULL,NULL,'2025-01-05 16:36:53',NULL),(1915,2,'DELTA PLUS TRADING ','J03/2100/1994','PITESTI','ARGES','6865630',NULL,'RO91TREZ0465069XXX002215',NULL,NULL,0,'PITESTI',NULL,NULL,'2025-01-05 16:36:53',NULL),(1916,2,'COSMAR BEST AUTO','J3/879/2015','PITESTI','ARGES','34692747',NULL,'',NULL,NULL,0,'PITESTI',NULL,NULL,'2025-01-05 16:36:53',NULL),(1917,2,'UNIQA ASIGURARI SA','','BUCURESTI','BUCURESTI','1813613',NULL,'RO51TREZ7005069XXX000896',NULL,NULL,0,'SECTOR1',NULL,NULL,'2025-01-05 16:36:53',NULL),(1918,2,'AUTEC AUTOTECHNIK  S.R.L.','J03/85/1999','BRADU','ARGES','11557890',NULL,'RO84TREZ0465069XXX000498',NULL,NULL,0,'COMUNA BRADU',NULL,NULL,'2025-01-05 16:36:53',NULL),(1919,2,'AUTO GLOBAL SOLUTION S.R.L.','J03/862/2013','PITESTI','ARGES','31931432',NULL,'RO49TREZ0505069XXX001462',NULL,NULL,0,'PRELUNGIREA CRAIOVEI',NULL,NULL,'2025-01-05 16:36:53',NULL),(1920,2,'TOP STAR AMB','J03/735/2002','PITESTI','ARGES','14926240',NULL,'RO43TREZ0465069XXX001236',NULL,NULL,0,'STR. FRATII GOLESTI',NULL,NULL,'2025-01-05 16:36:53',NULL),(1921,2,'CITY INSURANCE S.A.','','PITESTI','ARGES','10392742',NULL,'RO25TREZ7005069XXX001170',NULL,NULL,0,'PITESTI',NULL,NULL,'2025-01-05 16:36:53',NULL),(1922,2,'OMNIASIG V.I.G. S.A.','','BUCURESTI','BUCURESTI','14360018',NULL,'RO83TREZ7005069XXX000417',NULL,NULL,0,'BUCURESTI',NULL,NULL,'2025-01-05 16:36:53',NULL),(1923,2,'ASIROM VIENNA INSURANCE GROUP S.R.L.','','BUCURESTI','BUCURESTI','336290',NULL,'RO15TREZ7005069XXX000574',NULL,NULL,0,'SECTOR 2',NULL,NULL,'2025-01-05 16:36:53',NULL),(1924,2,'AMAT S.A.','J03/927/1996','PITESTI','ARGES','8898684',NULL,'RO08TREZ0465069XXX002448',NULL,NULL,0,'N. BALCESCU',NULL,NULL,'2025-01-05 16:36:53',NULL),(1925,2,'COSMAR BEST AUTO','','PITESTI','ARGES','34692747',NULL,'RO26TREZ0465069XXX015122',NULL,NULL,0,'PITESTI',NULL,NULL,'2025-01-05 16:36:53',NULL),(1926,2,'ROMPETROL DOWNSTREAM','J40/1716/2000','BUCURESTI','BUCURESTI','12751583',NULL,'RO08TREZ7005069XXX000991',NULL,NULL,0,'PIATA PRESEI LIBERE',NULL,NULL,'2025-01-05 16:36:53',NULL),(1927,2,'TARA ','J03/51/1991','PITESTI','ARGES','129200',NULL,'RO11TREZ0465069XXX000648',NULL,NULL,0,'PITESTI',NULL,NULL,'2025-01-05 16:36:53',NULL),(1928,2,'MARIO FUN AUTO','J03/983/2005','PITESTI','ARGES','17596910',NULL,'RO35TREZ0465069XXX008461',NULL,NULL,0,'CAPITAN CUTUI',NULL,NULL,'2025-01-05 16:36:53',NULL),(1929,2,'EURO TEHNO GROUP','J03/185/2001','PITESTI','ARGES','13807976',NULL,'RO88TREZ0465069XXX000911',NULL,NULL,0,'B DUL PETROCHIMISTILOR',NULL,NULL,'2025-01-05 16:36:53',NULL),(1930,2,'UNIVERSAL COLOR','J03/361/1997','PITESTI','ARGES','9449144',NULL,'RO74TREZ0465069XXX002521',NULL,NULL,0,'STR. DEPOZITELOR, NR.25',NULL,NULL,'2025-01-05 16:36:53',NULL),(1931,2,'BOGMAR SRL','','VALCEA','VILCEA','10979365',NULL,'RO50TREZ6715069XXX002906',NULL,NULL,0,'VALCEA',NULL,NULL,'2025-01-05 16:36:53',NULL),(1932,2,'VASICOS CENTER SRL','JO3/1730/1994','PITESTI','ARGES','6444320',NULL,'RO34TREZ0465069XXX002077',NULL,NULL,0,'PIESTI',NULL,NULL,'2025-01-05 16:36:53',NULL),(1933,2,'ANVELOMAG TOP AUTO','J03/306/2013','PITESTI','ARGES','31306124',NULL,'RO31TREZ0465069XXX015323',NULL,NULL,0,'PITESTI',NULL,NULL,'2025-01-05 16:36:53',NULL),(1934,2,'DINASTIA LUX','J03/1488/2006','SMEURA','ARGES','18988741',NULL,'RO20TREZ0465069XXX009507',NULL,NULL,0,'MOSOAIA',NULL,NULL,'2025-01-05 16:36:53',NULL),(1935,2,'ALLIANZ - TIRIAC ','','PITESTI','ARGES','6120740',NULL,'RO14TREZ7005069XXX007285',NULL,NULL,0,'PITESTI',NULL,NULL,'2025-01-05 16:36:53',NULL),(1936,2,'DELTAMED SRL','','GILAU','CLUJ','9434372',NULL,'RO78TREZ2165069XXX011988',NULL,NULL,0,'FERMA 8, HALA15',NULL,NULL,'2025-01-05 16:36:53',NULL),(1937,2,'DINAMIC 92 DISTRIBUTION SRL','J27/1115/1992','PIATRA NEAMT','NEAMT','2045181',NULL,'RO17TREZ4915069XXX001274',NULL,NULL,0,'STR. G RAL DASCALESCU',NULL,NULL,'2025-01-05 16:36:53',NULL),(1938,2,'COMPANY DRUMPOD MEC','J03/162/1998','BASCOV','ARGES','10472345',NULL,'RO69TREZ0465069XXX014348',NULL,NULL,0,'STR. SERELOR',NULL,NULL,'2025-01-05 16:36:53',NULL),(1939,2,'DORU&MIRCEA','J17/784/1992','GALATI','GALATI','1627424',NULL,'RO77TREZ3065069XXX001770',NULL,NULL,0,'STR. GEORGE COSBUC',NULL,NULL,'2025-01-05 16:36:53',NULL),(1940,2,'ROMTURINGIA','','CAMPULUNG','ARGES','6277265',NULL,'RO98TREZ0465069XXX008006',NULL,NULL,0,'CAMPULUNG',NULL,NULL,'2025-01-05 16:36:53',NULL),(1941,2,'AURADI TOP SERV','J03/1540/2015','BRADU','ARGES','35229768',NULL,'RO74TREZ0505069XXX002273',NULL,NULL,0,'SAT GEAMANA, BRADU',NULL,NULL,'2025-01-05 16:36:53',NULL),(1942,2,'TIRIAC AUTO','J40/745/2012','bucuresti','BUCURESTI','11331727',NULL,'RO92TREZ7005069XXX006851',NULL,NULL,0,'b dul Expozitiei',NULL,NULL,'2025-01-05 16:36:53',NULL),(1943,2,'ROMIND PROJECT','','IASI','IASI','38258210',NULL,'RO82TREZ4065069XXX025259',NULL,NULL,0,'ALEEA BALTAGULUI',NULL,NULL,'2025-01-05 16:36:53',NULL),(1944,2,'RENAULT COMMERCIAL ROUMANIE','J40/5566/2001','BUCURESTI','BUCURESTI','13943110',NULL,'RO62TREZ7005069XXX000989',NULL,NULL,0,'STR. PRECIZIEI',NULL,NULL,'2025-01-05 16:36:53',NULL),(1945,2,'CORADIA STAR','','MARACINENI','ARGES','5260958',NULL,'RO52TREZ0465069XXX007961',NULL,NULL,0,'CALEA CAMPULUNG',NULL,NULL,'2025-01-05 16:36:53',NULL),(1946,2,'TRUCK SERVICE LUCA','J03/2104/2019','RECEA','ARGES','41530560',NULL,'RO08TREZ0505069XXX002297',NULL,NULL,0,'RECEA',NULL,NULL,'2025-01-05 16:36:53',NULL),(1947,2,'MD MECANIC BENZ 2003 SRL','J03/106/2003','Pitesti','ARGES','15175272',NULL,'RO77TREZ0465069XXX004892',NULL,NULL,0,'STR. DEPOZITELOR',NULL,NULL,'2025-01-05 16:36:53',NULL),(1948,2,'CRS AUTO REPAIR','J23/787/2018','JILAVA','ILFOV','38903790',NULL,'RO18TREZ4215069XXX013259',NULL,NULL,0,'STR. CIULINI, NR.6',NULL,NULL,'2025-01-05 16:36:53',NULL),(1949,2,'VIVA METAL DECOR SRL','J03/403/2005','CURTEA DE ARGES','ARGES','17295275',NULL,'RO79TREZ0485069XXX001531',NULL,NULL,0,'STR. ALBESTI',NULL,NULL,'2025-01-05 16:36:53',NULL),(1950,2,'NEW DESIGN COMPOSITE','J03/269/2002','PITESTI','ARGES','14564786',NULL,'RO15TREZ0465069XXX001158',NULL,NULL,0,'STR. BD. PETROCHIMISTILOR',NULL,NULL,'2025-01-05 16:36:53',NULL),(1951,2,'PANEURO PIESE SI ACCESORII AUTO','J03/1409/2004','PITESTI','ARGES','16686330',NULL,'RO90TREZ0465069XXX004464',NULL,NULL,0,'STR. FRATII GOLESTI, NR. 95',NULL,NULL,'2025-01-05 16:36:53',NULL),(1952,2,'VERDON SOLUTION SRL','J32/38/2014','SURA MICA','SIBIU','32678550',NULL,'RO79TREZ5765069XXX019138',NULL,NULL,0,'SOSEAUA SIBIULUI',NULL,NULL,'2025-01-05 16:36:53',NULL),(1953,2,'TECHNOLOGY PROMOTION SRL','J03/2679/1994','PITESTI','ARGES','6796092',NULL,'RO40TREZ0465069XXX002163',NULL,NULL,0,'',NULL,NULL,'2025-01-05 16:36:53',NULL),(1954,2,'ALIMAR TOP AUTO','J03/484/2018','PITESTI','ARGES','38960303',NULL,'RO66TREZ0465069XXX017603',NULL,NULL,0,'STR. PLOPILOR',NULL,NULL,'2025-01-05 16:36:53',NULL),(1955,2,'BIOTUR EXIM','J/34/1/1996','ALEXANDRIA','TELEORMAN','8034823',NULL,'RO61TREZ6065069XXX001209',NULL,NULL,0,'str. G-RAL PRAPORGESCU, NR. 48,',NULL,NULL,'2025-01-05 16:36:53',NULL),(1956,2,'DEDEMAN','J04/2621/1992','BACAU','BACAU','2816464',NULL,'RO75TREZ0615069XXX001476',NULL,NULL,0,'STR. ALEXEI TOLSTOI',NULL,NULL,'2025-01-05 16:36:53',NULL),(1957,2,'OMV PETROM MARKETING','J40/10637/1998','BUCURESTI','BUCURESTI','11201891',NULL,'RO78TREZ7005069XXX001089',NULL,NULL,0,'STR. CORALILOR, NR. 22',NULL,NULL,'2025-01-05 16:36:53',NULL),(1958,2,'SERVICII EDILITARE PENTRU COMUNITATE MIOVENI','J03/776/2010','MIOVENI','ARGES','27280093',NULL,'RO59TREZ0465069XXX010357',NULL,NULL,0,'STR. CAROL DAVILA, NR. 4',NULL,NULL,'2025-01-05 16:36:53',NULL),(1959,2,'VECTOR TRUCK MANAGEMENT ','J03/84/2010','ALBOTA','ARGES','26447550',NULL,'RO28TREZ0465069XXX009169',NULL,NULL,0,'ALBOTA, NR. 793 D',NULL,NULL,'2025-01-05 16:36:53',NULL),(1960,2,'CARPTICA LOGISTIC','J32/1151/2011','SIBIU','SIBIU','29428359',NULL,'RO29TREZ576507060X021738',NULL,NULL,0,'COM. SELIMBAR',NULL,NULL,'2025-01-05 16:36:53',NULL),(1961,2,'CS FAN PIESE AUTO SRL','J3/1608/2018','PITESTI','ARGES','39753241',NULL,'RO66TREZ0465069XXX016439',NULL,NULL,0,'FRATII GOLESTI',NULL,NULL,'2025-01-05 16:36:53',NULL),(1962,2,'EUROINS ROMANIA','','BUCURESTI','ILFOV','5328123',NULL,'RO72TREZ7005069XXX000615',NULL,NULL,0,'BUCURESTI',NULL,NULL,'2025-01-05 16:36:53',NULL),(1963,2,'VODAFONE','J40/98521996','BUCURESTI','BUCURESTI','8971726',NULL,'RO29TREZ7005069XXX000710',NULL,NULL,0,'STR. BARBU VACARESCU, NR. 201, ET.4, SECTOR 2',NULL,NULL,'2025-01-05 16:36:53',NULL),(1964,2,'ALTEX ROMANIA SRL','J23/2611/2016','BUCURESTI','BUCURESTI','2864518',NULL,'RO67TREZ7005069XXX008077',NULL,NULL,0,'ORAS VOLUNTARI',NULL,NULL,'2025-01-05 16:36:53',NULL),(1965,2,'DANTE INTERNATIONAL ','J40/372/2002','BUCURESTI','BUCURESTI','14399840',NULL,'RO26TREZ7005069XXX001637',NULL,NULL,0,'STR. VIRTUTII, 148',NULL,NULL,'2025-01-05 16:36:53',NULL),(1966,2,'MM TAPITERIE AUTO STAR SRL','J3/2060/2018','MARACINENI','ARGES','40013425',NULL,'RO08TREZ0465069XXX019035',NULL,NULL,0,'SAT ARGESELU',NULL,NULL,'2025-01-05 16:36:53',NULL),(1967,2,'DNS BIROTICA SRL','J40/5541/2004','BUCURESTI','BUCURESTI','16310679',NULL,'RO15TREZ7005069XXX002708',NULL,NULL,0,'STR. POGOANELOR, NR. 147, SECTOR.4',NULL,NULL,'2025-01-05 16:36:53',NULL),(1968,2,'AUTOBON PARTS TYRES','J03/902/2010','AFUMATI','ILFOV','27389490',NULL,'RO09TREZ0465069XXX016786',NULL,NULL,0,'SOS. DE CENTURA, ILFOV',NULL,NULL,'2025-01-05 16:36:53',NULL),(1969,2,'CALYPSO','J03/173/1991','PITESTI','ARGES','133988',NULL,'RO57TREZ0465069XXX000790',NULL,NULL,0,'CALEA CAMPULUNG, NR.2',NULL,NULL,'2025-01-05 16:36:53',NULL),(1970,2,'VADITA IMPEX SRL','J03/374/1993','STEFANESTI','ARGES','4172980',NULL,'RO70TREZ0465069XXX005406',NULL,NULL,0,'VALEA MARE',NULL,NULL,'2025-01-05 16:36:53',NULL),(1971,12,'DIGI ROMANIA','','BUCURESTI','BUCURESTI','5888716',NULL,'RO12TREZ7005069XXX001016',NULL,NULL,0,'STR. DR. N STAICOVICI NR. 75',NULL,NULL,'2025-01-05 16:36:53',NULL),(1972,12,'CASAOPSNAJ','','BUCURESTI','BUCURESTI','11445659',NULL,'RO28TREZ7005005XXX000145',NULL,NULL,0,'POPA SAVU 45',NULL,NULL,'2025-01-05 16:36:53',NULL),(1973,12,'DSP ARGES','','PITESTI','ARGES','11301157',NULL,'RO04TREZ04620E365000XXXX',NULL,NULL,0,'Str. Exercitiu, nr. 39 bis',NULL,NULL,'2025-01-05 16:36:53',NULL),(1974,12,'TRINITI TRADING STAR 2004 SRL','J03/200/2004','Pitesti','ARGES','16135128',NULL,'RO09TREZ0465069XXX003982',NULL,NULL,0,'Gavana, Str. 1 Decembrie',NULL,NULL,'2025-01-05 16:36:53',NULL),(1975,12,'ARTEMIS IMPORT EXPORT SRL','','PITESTI','ARGES','143345',NULL,'RO90TREZ0465069XXX001069',NULL,NULL,0,'CALEA BUCURESTI U3',NULL,NULL,'2025-01-05 16:36:53',NULL),(1976,12,'EUROPRODUCT SRL','J03/1176/1993','Pitesti','ARGES','3998178',NULL,'RO86TREZ0465069XXX001723',NULL,NULL,0,'Str. C.A. Rosetti, bl. 20, sc. A, ap. 6',NULL,NULL,'2025-01-05 16:36:53',NULL),(1977,12,'ECOLAB','J22/486/1998','Iasi','IASI','10543381',NULL,'RO55TREZ4065069XXX001786',NULL,NULL,0,'Sos. Pacurari, nr. 138, etajul 2',NULL,NULL,'2025-01-05 16:36:53',NULL),(1978,12,'TOTAL HORECA','J40/875/2014','Bucuresti','BUCURESTI','32709826',NULL,'RO97TREZ7055069XXX008973',NULL,NULL,0,'B-dul Timisoara, nr. 80, ',NULL,NULL,'2025-01-05 16:36:53',NULL),(1979,12,'ORION GOLDEN SRL','','Pitesti','ARGES','15829130',NULL,'RO46TREZ0465069XXX001376',NULL,NULL,0,'Str. Campineanu, bl. M3, sc. A',NULL,NULL,'2025-01-05 16:36:53',NULL),(1980,12,'Directia Regionala de Posta','','Ploiesti','PRAHOVA','13857168',NULL,'RO75TREZ5215069XXX001183',NULL,NULL,0,'Pta. Victoriei, nr. 8',NULL,NULL,'2025-01-05 16:36:53',NULL),(1981,12,'VIATA MEDICALA ROMANEASCA','','Bucuresti','BUCURESTI','4197070',NULL,'RO96TREZ7055069XXX010834',NULL,NULL,0,'Calea Victoriei, nr. 21-23, et. 6',NULL,NULL,'2025-01-05 16:36:53',NULL),(1982,12,'RTC PROFFICE EXPERIENCE SA','J40/23411/1994','Bucuresti','BUCURESTI','6562512',NULL,'RO74TREZ7005069XXX000676',NULL,NULL,0,'Str. Drumul Sabareni, nr. 24-26',NULL,NULL,'2025-01-05 16:36:53',NULL),(1983,12,'VIPER SPIRIT SRL','J0/8564/2008','Bucuresti','BUCURESTI','23893540',NULL,'RO08TREZ7005069XXX008460',NULL,NULL,0,'Al. Vlahuta, nr. 2, bl. M50, ap. 99',NULL,NULL,'2025-01-05 16:36:53',NULL),(1984,12,'MABO INVEST SRL','J22/2781/2007','IASI','IASI','22514053',NULL,'RO65TREZ4065069XXX010918',NULL,NULL,0,'Str. Apelor, nr. 1, ',NULL,NULL,'2025-01-05 16:36:53',NULL),(1985,12,'TAG GRUP SRL','J40/5653/2004','Bucuresti','BUCURESTI','16316000',NULL,'RO62TREZ7005069XXX010786',NULL,NULL,0,'Str. Aurel Persu 136 D, sector 4',NULL,NULL,'2025-01-05 16:36:53',NULL),(1986,12,'ALTESSE TRANSPORT LOGISTIC','J3/668/2012','Pitesti','ARGES','30207017',NULL,'RO75TREZ0465069XXX014240',NULL,NULL,0,'Calea Craiovei, nr. 48',NULL,NULL,'2025-01-05 16:36:53',NULL),(1987,12,'SRAC CERT SRL','J40/13276/2007','Bucuresti','BUCURESTI','22088675',NULL,'RO26TREZ7005069XXX003383',NULL,NULL,0,'Str. Vasile Parvan, nr. 14',NULL,NULL,'2025-01-05 16:36:53',NULL),(1988,12,'I.I. SOCIU ROMICA-PAUL','','Pitesti','ARGES','27222343',NULL,'RO78INGB0000999902239140',NULL,NULL,0,'Str. Poienitei, nr. 13, BIP9, sc. C',NULL,NULL,'2025-01-05 16:36:53',NULL),(1989,12,'D D Consultants Grup SRL','J40/10108/2002','Bucuresti','BUCURESTI','14937087',NULL,'RO39TREZ7005069XXX010812',NULL,NULL,0,'Aleea Ilioara nr. 1, bl. PM29, sc. B',NULL,NULL,'2025-01-05 16:36:53',NULL),(1990,12,'MARVEL SRL','J33/227/2001','Ipotesti','SUCEAVA','13858023',NULL,'RO18TREZ5915069XXX001361',NULL,NULL,0,'Str. Luceafarului, nr. 1261A',NULL,NULL,'2025-01-05 16:36:53',NULL),(1991,12,'UNIVERSAL COLOR S.A.','J03/361/1997','Pitesti','ARGES','9449144',NULL,'RO74TREZ0465069XXX002521',NULL,NULL,0,'Str. Victoriei, nr. 4, bl. A2-A3',NULL,NULL,'2025-01-05 16:36:53',NULL),(1992,12,'ROMIMPEX','J03/2225/1992','Pitesti','ARGES','146082',NULL,'RO52TREZ0465069XXX001171',NULL,NULL,0,'Str. Petre Ispirescu, nr. 14',NULL,NULL,'2025-01-05 16:36:53',NULL),(1993,12,'HORUS CENTER','J03/1207/2003','Pitesti','ARGES','15744890',NULL,'RO52TREZ0465069XXX001365',NULL,NULL,0,'Str. Zamfiresti, nr. 18, Valea Ursului',NULL,NULL,'2025-01-05 16:36:53',NULL),(1994,12,'PREVI SRL','J23/817/2001','Voluntari','ILFOV','10473685',NULL,'RO76TREZ4215069XXX000478',NULL,NULL,0,'Str. SoS. Pipera-Tunari, nr. 29 BIS',NULL,NULL,'2025-01-05 16:36:53',NULL),(1995,12,'LBW-Edituri specializate','J40/11968/2012','Bucuresti','BUCURESTI','30792727',NULL,'RO41TREZ7065069XXX011762',NULL,NULL,0,'Str.lt. Gheorghe Saidac, nr. 2A, sc. 1, apt. 11',NULL,NULL,'2025-01-05 16:36:53',NULL),(1996,12,'MONITORUL OFICIAL R.A.','J40/3862/1991','Bucuresti','BUCURESTI','427282',NULL,'RO12TREZ7005069XXX000531',NULL,NULL,0,'Str. Parcului, nr. 45. Sector 1, ',NULL,NULL,'2025-01-05 16:36:53',NULL),(1997,12,'SMART XD EXPERT S.R.L.','J40/12269/2016','BUCURESTI','BUCURESTI','36536221',NULL,'RO93TREZ7015069XXX017344',NULL,NULL,0,'STR. STOICA LUDESCU, NR.11',NULL,NULL,'2025-01-05 16:36:53',NULL),(1998,12,'ALMAR COM','J33/30/1996','Suceava','SUCEAVA','8622513',NULL,'RO80TREZ5915069XXX000439',NULL,NULL,0,'Str. Alexandru cel Bun, nr. 12, bl. B1, sc. A',NULL,NULL,'2025-01-05 16:36:53',NULL),(1999,12,'S&G COMERCIAL SRL','J40/7050/2002','Bucuresti','BUCURESTI','14793844',NULL,'RO48TREZ7005069XXX002502',NULL,NULL,0,'Str. Liveni, nr. 31B, sector 4',NULL,NULL,'2025-01-05 16:36:53',NULL),(2000,12,'METROPOLITAN MAXPRESS ADV SRL','J28/138/2012','Craiova','DOLJ','29898288',NULL,'RO44TREZ5075069XXX003967',NULL,NULL,0,'Str. Madona Dudu, bl. 8, et. P, cam. 6',NULL,NULL,'2025-01-05 16:36:53',NULL),(2001,12,'DANTE INTERNATIONAL','J40/372/2002','Bucuresti','BUCURESTI','14399840',NULL,'RO26TREZ7005069XXX001637',NULL,NULL,0,'Virtutii, 148, E47, Sector 6',NULL,NULL,'2025-01-05 16:36:53',NULL),(2002,12,'PROFESIONAL GLOBAL PRESS','J40/3123/2006','Bucuresti','BUCURESTI','18419584',NULL,'RO27TREZ7045069XXX012235',NULL,NULL,0,'Bd. Dimitrie Cantemir, nr. 16, bl. 6, sc. 3, et. 1',NULL,NULL,'2025-01-05 16:36:53',NULL),(2003,12,'ARGESSIS ELECTROSERVICE','J03/987/2002','Pitesti','ARGES','15097131',NULL,'RO63TREZ0465069XXX004174',NULL,NULL,0,'Mun. Pitesti',NULL,NULL,'2025-01-05 16:36:53',NULL),(2004,12,'AXOM STEEL SRL','J03/848/2008','Pitesti','ARGES','23722915',NULL,'RO36TREZ0465069XXX007958',NULL,NULL,0,'Str. Dr. Nicolae Cretulescu, bl. A3, parter',NULL,NULL,'2025-01-05 16:36:53',NULL),(2005,12,'ATVA SRL','J03/1743/1991','Pitesti','ARGES','131839',NULL,'RO87TREZ0465069XXX000735',NULL,NULL,0,'Bd. Republicii, nr. 222',NULL,NULL,'2025-01-05 16:36:53',NULL),(2006,12,'Asociatia Sanse Egale','','Barlad','VASLUI','31074318',NULL,'RO18BUCU2441214111091RON',NULL,NULL,0,'Bd. Epureanu nr. 34, bl.B7, sc. A, ap. 28',NULL,NULL,'2025-01-05 16:36:53',NULL),(2007,12,'KLAUS DISTRIBUTION','J32/494/2001','Sibiu','SIBIU','14154620',NULL,'RO68TREZ5765069XXX002167',NULL,NULL,0,'Str. Odesa, nr. 11, ',NULL,NULL,'2025-01-05 16:36:53',NULL),(2008,12,'GLOBAL MANAGEMENT ARTE SRL','J40/887/1996','Bucuresti','BUCURESTI','8118509',NULL,'RO58TREZ7015069XXX007110',NULL,NULL,0,'Str. Mexic, nr. 2, bl. I-3, sc. 1, parter, ap. 1',NULL,NULL,'2025-01-05 16:36:53',NULL),(2009,12,'ALTEX ROMANIA SRL','J23/2611/2016','Voluntari','ILFOV','2864518',NULL,'RO67TREZ7005069XXX008077',NULL,NULL,0,'Sos. Bucuresti-Nord, nr. 10, ',NULL,NULL,'2025-01-05 16:36:53',NULL),(2010,12,'OFFICE MAX SRL','J40/7425/1998','Bucuresti','BUCURESTI','10839469',NULL,'RO82TREZ7005069XXX002472',NULL,NULL,0,'Str. Siret 95, ',NULL,NULL,'2025-01-05 16:36:53',NULL),(2011,12,'DUMIDET ACTIV SRL','J40/9653/2016','Sector 3','BUCURESTI','36321567',NULL,'RO33TREZ7035069XXX018009',NULL,NULL,0,'Str. Trapezului, Nr3, Bl C2, Sc D, Ap158, Et6',NULL,NULL,'2025-01-05 16:36:53',NULL),(2012,12,'ROLF CARD INDUSTRIAL SRL','J15/579/2003','Aninoasa','DIMBOVITA','15624762',NULL,'RO91TREZ7035069XXX013861',NULL,NULL,0,'Aninoasa',NULL,NULL,'2025-01-05 16:36:53',NULL),(2013,12,'EVIDENT GROUP S.R.L.','J40/6301/1993','Sector 2','BUCURESTI','3645710',NULL,'RO59TREZ7005069XXX008027',NULL,NULL,0,'Str.Dragos Voda, nr 80,sector 2',NULL,NULL,'2025-01-05 16:36:53',NULL),(2014,12,'S.C. AQUATOR S.R.L','J22-1430/2003','IASI','IASI','15651244',NULL,'RO57TREZ4065069XXX005824',NULL,NULL,0,'BD. Alexandru cel bun, nr 24, bl H7, et1, ap2',NULL,NULL,'2025-01-05 16:36:53',NULL),(2015,12,'VADEMECUM COMSERV SRL','J08/255/1996','BRASOV','BRASOV','8243960',NULL,'RO97TREZ1315069XXX003433',NULL,NULL,0,'STR. BISERICII ROMANE, NR. 78',NULL,NULL,'2025-01-05 16:36:53',NULL),(2016,12,'ALPHA GROUP SRL','J22/1172/2001','Iasi','IASI','14346218',NULL,'RO67TREZ4065069XXX001085',NULL,NULL,0,'Str. Vasile Lupu, nr. 70-74',NULL,NULL,'2025-01-05 16:36:53',NULL),(2017,12,'COMUNICARE IN SANATATE SRL','J40/1374/2017','Bucuresti','BUCURESTI','38049214',NULL,'RO03TREZ7055069XXX010471',NULL,NULL,0,'Str. Intrarea Vrabiei, nr. 5, Sector 5',NULL,NULL,'2025-01-05 16:36:53',NULL),(2018,12,'FLAROM ADVERTISING SRL','J22/1152/2002','Iasi','IASI','14946824',NULL,'RO60TREZ4065069XXX007322',NULL,NULL,0,'Sos. Nicolina 74, bl. 991A, et. 6, ap. 21',NULL,NULL,'2025-01-05 16:36:53',NULL),(2019,12,'VARCOM BUSINESS SRL','J40/7986/1994','Bucuresti','BUCURESTI','5573548',NULL,'RO45TREZ7035069XXX002855',NULL,NULL,0,'Intr. Eufrosina Popescu, nr. 7, Sector 3',NULL,NULL,'2025-01-05 16:36:53',NULL),(2020,12,'ART EXPERT SRL',' J22/3446/1994','IASI','IASI','6887042',NULL,'RO87TREZ4065069XXX003635',NULL,NULL,0,'SOS. NATIONALA, NR. 18-20',NULL,NULL,'2025-01-05 16:36:53',NULL),(2021,12,'DEMOTEKS MEDIKAL SRL','J40/13374/2016','Bucuresti','BUCURESTI','36623212',NULL,'RO28TREZ7005069XXX015181',NULL,NULL,0,'Str. Busuioc Simion Erou, nr. 121, Sector 2',NULL,NULL,'2025-01-05 16:36:53',NULL),(2022,12,'FILIP IMPEX 93 SRL','J40/18711/1993','Bucuresti','ARGES','4432060',NULL,'RO10TREZ7015069XXX003027',NULL,NULL,0,'Str. Herman Oberth nr. 87 ',NULL,NULL,'2025-01-05 16:36:53',NULL),(2023,12,'PRISMA QUALITY SISTEMS','','PLOIESTI','PRAHOVA','12927400',NULL,'RO42TREZ5215069XXX000613',NULL,NULL,0,'STR. BUNA VESTIRE',NULL,NULL,'2025-01-05 16:36:53',NULL),(2024,12,'JYSK ROMANIA','J40/15662/2013','BUCURESTI','BUCURESTI','18107744',NULL,'RO04TREZ7005069XXX008629',NULL,NULL,0,'BD. IULIU MANIU',NULL,NULL,'2025-01-05 16:36:53',NULL),(2025,12,'DALGECO CONFECTII TEXTILE SRL','J13/2179/2001','Constanta','CONSTANTA','14369408',NULL,'RO55TREZ2315069XXX006137',NULL,NULL,0,'str. Soseaua Mangaliei, ',NULL,NULL,'2025-01-05 16:36:53',NULL),(2026,12,'LEMINGS SRL','J13/1569/1999','Constanta','CONSTANTA','12039551',NULL,'RO21TREZ2315069XXX001026',NULL,NULL,0,'Str. Nicolae Filimon, corp C2, parter, nr. 23',NULL,NULL,'2025-01-05 16:36:53',NULL),(2027,12,'PRO HIGIENIC SRL','J17/183/2011','GALATI','GALATI','28034518',NULL,'RO18TREZ3065069XXX011465',NULL,NULL,0,'STR. TRAIAN, NR. 444',NULL,NULL,'2025-01-05 16:36:53',NULL),(2028,12,'GOOD ACCORD SRL','J13/1023/2013','CONSTANTA','CONSTANTA','31595065',NULL,'RO39TREZ2315069XXX022333',NULL,NULL,0,'STR. MACESULUI, NR. 23',NULL,NULL,'2025-01-05 16:36:53',NULL),(2029,12,'AMICO TOP TRADING SRL','J3/663/2014','PITESTI','ARGES','33162777',NULL,'RO28TREZ0465069XXX015280',NULL,NULL,0,'STR. EXERCITIU, NR. 45, BL.D25, SC. A, AP.1',NULL,NULL,'2025-01-05 16:36:53',NULL),(2030,12,'IMPORTECH PLUS','J 03/553/1997','PITESTI','ARGES','9655233',NULL,'RO18TREZ0465069XXX002559',NULL,NULL,0,'STR. Sf VINERI, NR. 55A',NULL,NULL,'2025-01-05 16:36:53',NULL),(2031,12,'CLEANING LOGISTIC DISTRIBUTION SRL','J40/2456/2016','Bucuresti','BUCURESTI','32521457',NULL,'RO25TREZ7065069XXX014475',NULL,NULL,0,'B-dul Iuliu Maniu, 6D, Sector 6',NULL,NULL,'2025-01-05 16:36:53',NULL),(2032,12,'ARCOTEX TRADE SRL','J17/907/2004','Galati','GALATI','16501970',NULL,'RO57TREZ3065069XXX002712',NULL,NULL,0,'Str. Sacele, nr. 2',NULL,NULL,'2025-01-05 16:36:53',NULL),(2033,12,'DNS BIROTICA SRL','J40/5541/2004','Bucuresti','BUCURESTI','16310679',NULL,'RO15TREZ7005069XXX002708',NULL,NULL,0,'Str. Pogoanelor, nr. 147, sector 4',NULL,NULL,'2025-01-05 16:36:53',NULL),(2034,12,'ELECTRONIC BDK SRL','J35/367/1991','Timisoara','TIMIS','1825782',NULL,'RO65TREZ6215069XXX002147',NULL,NULL,0,'Bul. Republicii8, ',NULL,NULL,'2025-01-05 16:36:53',NULL),(2035,12,'AGENTIA DE VANZARI SRL','J40/15964/2017','Bucuresti','BUCURESTI','38229789',NULL,'RO48TREZ7045069XXX013215',NULL,NULL,0,'Bd. Dimitrie Cantemir, nr. 16',NULL,NULL,'2025-01-05 16:36:53',NULL),(2036,12,'TIPOGRAFIA REZON SRL','J16/1255/2010','Craiova','DOLJ','27675522',NULL,'RO50TREZ2915069XXX013953',NULL,NULL,0,'Str. Sararilor, nr. 3',NULL,NULL,'2025-01-05 16:36:53',NULL),(2037,12,'MEDIA PRESS PUBLISHING','J40/7072/2018','BUCURESTI','BUCURESTI','39375529',NULL,'RO88TREZ7045069XXX013562',NULL,NULL,0,'STR. HUEDIN, NR. 11A, PARTER',NULL,NULL,'2025-01-05 16:36:53',NULL),(2038,12,'CURSMEDICA CONSULT SRL','J08/2244/2007','BRASOV','BRASOV','22272278',NULL,'RO10TREZ1315069XXX007812',NULL,NULL,0,'STR. VERII, NR. 1, AP.16',NULL,NULL,'2025-01-05 16:36:53',NULL),(2039,12,'CN POSTA ROMANA SA','','BUCURESTI','BUCURESTI','30716720',NULL,'RO02TREZ5215069XXX012391',NULL,NULL,0,'b-dul Dacia, nr. 140, Sector 2',NULL,NULL,'2025-01-05 16:36:53',NULL),(2040,12,'FABI TOTAL GRUP SRL ','J40/8902/2003','Bucuresti','BUCURESTI','15556234',NULL,'RO88TREZ7005069XXX005177',NULL,NULL,0,'Sos. Berceni, nr. 104 H, Corp C1, etaj 1, Camera 3',NULL,NULL,'2025-01-05 16:36:53',NULL),(2041,12,'ALTESSE CONCEPT STORE','J3/542/2017','PITESTI','ARGES','37262914',NULL,'RO30TREZ0465069XXX015923',NULL,NULL,0,'Calea Craiovei, nr. 48, parter, ',NULL,NULL,'2025-01-05 16:36:53',NULL),(2042,12,'ARGINTEX INCALTAMINTE 2005 SRL','J03/1447/05','Pitesti','ARGES','17843173',NULL,'RO16TREZ0465069XXX012004',NULL,NULL,0,'Complex Argintex',NULL,NULL,'2025-01-05 16:36:53',NULL),(2043,12,'ADINA SRL','J17/1360/1991','VANATORI','GALATI','1649058',NULL,'RO26TREZ3065069XXX004628',NULL,NULL,0,'STR. FOLTANUL 1E, ',NULL,NULL,'2025-01-05 16:36:53',NULL),(2044,12,'PLURIDET COMEXIM SRL','J40/12129/1998','Bucuresti','BUCURESTI','11235533',NULL,'RO19RNCB0069007659370001',NULL,NULL,0,'STR. DR. ALEXANDRU LOCUSTEANU, NR. 2',NULL,NULL,'2025-01-05 16:36:53',NULL),(2045,12,'INEDIT CLEAN TOTAL SRL','J23/1351/2015','CATELU','ILFOV','34397550',NULL,'RO92TREZ4215069XXX009308',NULL,NULL,0,'INDEPENDENTEI NR. 38',NULL,NULL,'2025-01-05 16:36:53',NULL),(2046,12,'UNITATEA MILITARA 02497','','Pitesti','ARGES','4318016',NULL,'RO89TREZ23F660601100203X',NULL,NULL,0,'Str. Negru Voda, nr. 47',NULL,NULL,'2025-01-05 16:36:53',NULL),(2047,12,'GLOBAL ADVERTISING CITY','J30/27/2014','SATU MARE','SATU MARE','32651821',NULL,'RO51TREZ5465069XXX012772',NULL,NULL,0,'STR. VICTORIEI, NR.10',NULL,NULL,'2025-01-05 16:36:53',NULL),(2048,12,'EURO PRINT COMPANY','','BUZAU','BUZAU','18607170',NULL,'RO65TREZ1665069XXX004555',NULL,NULL,0,'STR. TIMOTEI CIPARIU, NR 26',NULL,NULL,'2025-01-05 16:36:53',NULL),(2049,12,'BLUE OFFICE TRADING','','Sector 5','BUCURESTI','34545118',NULL,'RO52TREZ7055069XXX009395',NULL,NULL,0,'Str. Tunari, Nr 15',NULL,NULL,'2025-01-05 16:36:53',NULL),(2050,12,'ROMPRINT PAPER S.R.L.','','Sector 3','BUCURESTI','6707702',NULL,'RO65TREZ7005069XXX005591',NULL,NULL,0,'STR. Fizicienilor, Nr. 21A',NULL,NULL,'2025-01-05 16:36:53',NULL),(2051,12,'DATA ADVERTISING SYSTEM SERVICE S.R.L.','J16/698/1994','CRAIOVA','DOLJ','5469343',NULL,'RO70TREZ2915069XXX002535',NULL,NULL,0,'STR. TRAIAN DEMETRESCU, NR. 23',NULL,NULL,'2025-01-05 16:36:53',NULL),(2052,12,'S.C. RODASIM S.R.L.','J38/147/2004','BUJORENI','VILCEA','16134904',NULL,'RO07TREZ6715069XXX010761',NULL,NULL,0,'BUJORENI, NR. 73',NULL,NULL,'2025-01-05 16:36:53',NULL),(2053,12,'RODASIM SRL','J38/147/2004','BUJORENI','VILCEA','16134904',NULL,'RO07TREZ6715069XXX010761',NULL,NULL,0,'COM. BUJORENI, NR. 73',NULL,NULL,'2025-01-05 16:36:53',NULL),(2054,12,'SOCADANCE MD SRL','J03/271/2006','PITESTI','ARGES','18392942',NULL,'RO93TREZ0465069XXX016147',NULL,NULL,0,'STR. CRAIOVEI, NR. 134, BL. 40 BIS,SC. C, AP. 10',NULL,NULL,'2025-01-05 16:36:53',NULL),(2055,12,'BIRO-MEDIA TRADING S.R.L.','J40/2286/1992','Bucuresti','BUCURESTI','447220',NULL,'RO43TREZ7005069XXX002883',NULL,NULL,0,'B-dul Timisoara, nr. 84, Sector 6',NULL,NULL,'2025-01-05 16:36:53',NULL),(2056,12,'CRONOS SRL','J03/186/1998','Pitesti','ARGES','10354021',NULL,'RO90TREZ0465069XXX000390',NULL,NULL,0,'Str. Depozitelor, nr. 21',NULL,NULL,'2025-01-05 16:36:53',NULL),(2057,12,'SELADO COM SRL','J09/159/2003','BRAILA','BRAILA','15250579',NULL,'RO65TREZ1515069XXX001993',NULL,NULL,0,'Str. Mioritei, nr. 59',NULL,NULL,'2025-01-05 16:36:53',NULL),(2058,12,'ADACONI SRL','J20/1347/1991','Hateg','HUNEDOARA','2143414',NULL,'RO44TREZ3665069XXX003979',NULL,NULL,0,'Str. Ciprian Porumbescu, nr. 14G',NULL,NULL,'2025-01-05 16:36:53',NULL),(2059,12,'ASOCIATIA PRO SCIENCE','','Barlad','VASLUI','29448984',NULL,'RO15BRDE380SV33441773800',NULL,NULL,0,'Str. G-ral Naumescu, nr. 3',NULL,NULL,'2025-01-05 16:36:53',NULL),(2060,12,'DETLEH S.R.L.','J30/478/2012','Carei, ','SATU MARE','30404639',NULL,'RO19TREZ5475069XXX001937',NULL,NULL,0,'Calea Armatei Romane, nr. 96 B',NULL,NULL,'2025-01-05 16:36:53',NULL),(2061,12,'BASORELIEF SIMBOL SRL','J38/459/2016','','VILCEA','36188720',NULL,'RO24TREZ6715069XXX011522',NULL,NULL,0,'Priporu, nr. 121',NULL,NULL,'2025-01-05 16:36:53',NULL),(2062,12,'SPELL BRANDING SRL','J7/486/2017','Botosani','BOTOSANI','37808952',NULL,'RO70TREZ1165069XXX009602',NULL,NULL,0,'Calea Nationala 144, ',NULL,NULL,'2025-01-05 16:36:53',NULL),(2063,12,'NEOLOGIS MEDICAL SRL','J35/1558/2009','TIMISOARA','TIMIS','25878199',NULL,'RO24TREZ6215069XXX015786',NULL,NULL,0,'B-DUL LIVIU REBREANU, NR. 104',NULL,NULL,'2025-01-05 16:36:53',NULL),(2064,12,'INVICTUS FORCE SAFE ','J17/1428/2018','VANATORI','GALATI','39991049',NULL,'RO27TREZ3065069XXX017511',NULL,NULL,0,'FOLTANUL 1E, VANATORI, ',NULL,NULL,'2025-01-05 16:36:53',NULL),(2065,12,'NETTEX TEXTILE COMPANY SRL','J28/183/2017','Slatina','OLT','37152679',NULL,'RO85TREZ5065069XXX011148',NULL,NULL,0,'Str. Tudor Vladimirescu, nr. 156, ',NULL,NULL,'2025-01-05 16:36:53',NULL),(2066,12,'TECHNOLOGY PROMOTION S.R.L.','J03/2679/1994','Piteu0219ti','ARGES','6796092',NULL,'RO40TREZ0465069XXX002163',NULL,NULL,0,'PITESTI',NULL,NULL,'2025-01-05 16:36:53',NULL),(2067,12,'LOGIC NET SRL','J40/5729/2005','BUCURESTI','BUCURESTI','14847111',NULL,'RO02TREZ7015069XXX014617',NULL,NULL,0,'Str. Clucerului, nr. 43',NULL,NULL,'2025-01-05 16:36:53',NULL),(2068,12,'DENIS STAR LIGHTS SRL','J40/15274/2005','Bucuresti','BUCURESTI','17930733',NULL,'RO75TREZ7045069XXX011759',NULL,NULL,0,'Bucuresti',NULL,NULL,'2025-01-05 16:36:53',NULL),(2069,12,'CASTOR SRL','','STEFANESTI','ARGES','137556',NULL,'RO03TREZ0465069XXX000889',NULL,NULL,0,'STR. PITESTI-BUCURESTI, NR. 58',NULL,NULL,'2025-01-05 16:36:53',NULL),(2070,12,'SOMPRODUCT SRL','J24/2088/2008','BAIA MARE','MARAMURES','24781693',NULL,'RO69TREZ4365069XXX006464',NULL,NULL,0,'Electrolizei 60, 430392, Baia Mare',NULL,NULL,'2025-01-05 16:36:53',NULL),(2071,12,'SEND 92 IMP-EXP SRL','J03/1441/1992','Pitesti','ARGES','144154',NULL,'RO07TREZ0465069XXX001108',NULL,NULL,0,'Str. George Cosbuc, 110103',NULL,NULL,'2025-01-05 16:36:53',NULL),(2072,12,'M D RETAIL PITESTI','J40/15461/2007','BRADU','ARGES','22260419',NULL,'RO61TREZ7005069XXX007603',NULL,NULL,0,'Pct. lucru  Pitesti, DN 65B km 6, ',NULL,NULL,'2025-01-05 16:36:53',NULL),(2073,12,'ZETMAN KRAFT SRL','J02/517/2016','','ARAD','33028695',NULL,'RO50TREZ0215069XXX024388',NULL,NULL,0,'str. Calea Aurel Vlaicu, bl. Z23, sc. A, ap. 17, ',NULL,NULL,'2025-01-05 16:36:53',NULL),(2074,12,'ALVIROM ECHIPAMENTE PROTECTIE SRL','J03/1307/2020','Pitesti','ARGES','42967954',NULL,'RO43TREZ0465069XXX017532',NULL,NULL,0,'Str. Depozitelor, nr. 29 C1',NULL,NULL,'2025-01-05 16:36:53',NULL),(2075,12,'GOLD VISION EVENTS SRL','J3/2439/2019','PITESTI','ARGES','41727171',NULL,'RO30TREZ0465069XXX018154',NULL,NULL,0,'Str. Barbu Stefanescu Delavrancea, nr. 54',NULL,NULL,'2025-01-05 16:36:53',NULL),(2076,12,'BASORELIEF CONCEPT SRL','J38/1081/2017','Rm. Valcea','VILCEA','38409534',NULL,'RO43TREZ6715069XXX011956',NULL,NULL,0,'Mihai Viteazu, nr. 46, bloc T1, sc. A',NULL,NULL,'2025-01-05 16:36:53',NULL),(2077,12,'RENTROP&STRATON','J40/8371/1995','Sector 5','BUCURESTI','7782311',NULL,'RO10TREZ7005069XXX002798',NULL,NULL,0,'Bd. Natiunilor Unite, nr. 4, et.7, corp B7, C7, Bl',NULL,NULL,'2025-01-05 16:36:53',NULL),(2078,12,'VIA COM SRL','J01/59/1997','Alba-Iulia','ALBA','9211877',NULL,'RO33TREZ0025069XXX001622',NULL,NULL,0,'Calea Motilor, Nr. 214, Alba-Iulia',NULL,NULL,'2025-01-05 16:36:53',NULL),(2079,12,'MILITARY SURPLUS SRL','J05/1495/2018','Oradea','BIHOR','34603910',NULL,'RO27TREZ0765069XXX018385',NULL,NULL,0,'str. Matei Corvin, 202, ',NULL,NULL,'2025-01-05 16:36:53',NULL),(2080,12,'LECOM BIROTICA ARDEAL SRL','J12/1545/1998','Cluj Napoca','CLUJ','11040604',NULL,'RO62TREZ2165069XXX010433',NULL,NULL,0,'Str. Taietura turcului, nr. 47, parc Tetarom I',NULL,NULL,'2025-01-05 16:36:53',NULL),(2081,12,'EXPERT CLEANING &CONSULTING SRL','J40/12340/2011','Bucuresti','BUCURESTI','29231666',NULL,'RO97TREZ7025069XXX015076',NULL,NULL,0,'SLT. Dima Cristescu, NR. 3, ',NULL,NULL,'2025-01-05 16:36:53',NULL),(2082,12,'EVOREVO SRL','J40/1394/2014','Bucuresti','BUCURESTI','32761476',NULL,'RO30TREZ7055069XXX008627',NULL,NULL,0,'Splaiul Independentei 17',NULL,NULL,'2025-01-05 16:36:53',NULL),(2083,12,'EXPERT OFFICE 2008 SRL','J03/1352/2008','STEFANESTI','ARGES','24115628',NULL,'RO72TREZ0465069XXX007019',NULL,NULL,0,'Drumul Morii, nr. 19',NULL,NULL,'2025-01-05 16:36:53',NULL),(2084,12,'CASA DE MODA KANYA SRL','J08/556/91','Fagaras','BRASOV','1118960',NULL,'RO70TREZ1325069XXX000462',NULL,NULL,0,'Str. Sold. Cristea Vasile, nr. 12, ',NULL,NULL,'2025-01-05 16:36:53',NULL),(2085,12,'OFFICE MORE SRL','J40/5806/2006','Bucuresti','BUCURESTI','18560868',NULL,'RO82TREZ7055069XXX003811',NULL,NULL,0,'Str. Iovita, nr. 8, bl. P13, ap. 15, ',NULL,NULL,'2025-01-05 16:36:53',NULL),(2086,12,'PRO WASH DETAILING SRL','J40/17746/2008','Bucuresti, Sector 6','BUCURESTI','24623960',NULL,'RO35TREZ7065069XXX017884',NULL,NULL,0,'Str. Porumbacu, nr. 72, bl. B9, ',NULL,NULL,'2025-01-05 16:36:53',NULL),(2087,12,'MEDICAL OUTFIT SRL','J26/1095/2011','Targu Mures','MURES','29308719',NULL,'RO49TREZ4765069XXX015984',NULL,NULL,0,'B-dul Pandurilor nr. 16/21',NULL,NULL,'2025-01-05 16:36:53',NULL),(2088,12,'DEDEMAN','J04/2621/1992','Bacau','BACAU','2816464',NULL,'RO75TREZ0615069XXX001476',NULL,NULL,0,'Str. Alexei Tolstoi, nr. 8, ',NULL,NULL,'2025-01-05 16:36:53',NULL),(2089,12,'ASOCIATIA DE STANDARDIZARE ','-','Bucuresti','BUCURESTI','11134288',NULL,'RO77RNCB0082044167200010',NULL,NULL,0,'Str. Mihai Eminescu nr. 238 Sector 2',NULL,NULL,'2025-01-05 16:36:53',NULL),(2090,12,'INFO TRUST SRL','J37/288/2004','Barlad','VASLUI','16370727',NULL,'RO96TREZ6575069XXX001976',NULL,NULL,0,'str. Suceava, nr. 8, ',NULL,NULL,'2025-01-05 16:36:53',NULL),(2091,12,'N G M COMPANY SRL','J13/1799/1996','Navodari','CONSTANTA','8595079',NULL,'RO18TREZ2315069XXX020383',NULL,NULL,0,'Str. Platformei nr. 1',NULL,NULL,'2025-01-05 16:36:53',NULL),(2092,12,'R&C IMPEX SRL','J16/2090/2005','CRAIOVA','DOLJ','18053431',NULL,'RO32TREZ2915069XXX006129',NULL,NULL,0,'Str. Aleea I DEPOULUI, NR. 39',NULL,NULL,'2025-01-05 16:36:53',NULL),(2093,12,'AGRESSIONE GROUP','J12/670/1997','CLUJ NAPOCA','CLUJ','9343479',NULL,'RO63TREZ2165069XXX011967',NULL,NULL,0,'TAIETURA TURCULUI NR. 47, ',NULL,NULL,'2025-01-05 16:36:53',NULL),(2094,12,'MENTOR SRL','J16/245/1992','Craiova','DOLJ','2292475',NULL,'RO54TREZ2915069XXX001562',NULL,NULL,0,'Calea Severinului, nr. 46C',NULL,NULL,'2025-01-05 16:36:53',NULL),(2095,12,'MARISDAL SHOES SRL','J33/933/2013','GALANESTI','SUCEAVA','32588767',NULL,'RO45TREZ5915069XXX008829',NULL,NULL,0,'Galanesti str. Galanesti nr. 363 D',NULL,NULL,'2025-01-05 16:36:53',NULL),(2096,12,'MATEI CONF GRUP SRL','J40/1060/2003','BUCURESTI','BUCURESTI','15158867',NULL,'RO87TREZ7005069XXX008202',NULL,NULL,0,'Str. PICTOR N. VERMONT, NR. 6, ET. 2, AP. 3 ',NULL,NULL,'2025-01-05 16:36:53',NULL),(2097,12,'VLADOOR SMART SRL','J16/59/2020','Breasta','DOLJ','42115227',NULL,'RO33TREZ2915069XXX024250',NULL,NULL,0,'Sat. Breasta, Str. Parcului nr. 5A',NULL,NULL,'2025-01-05 16:36:53',NULL),(2098,12,'NEW FASHION GROUP SRL','J20/723/1999','Orastie','HUNEDOARA','12228712',NULL,'RO15TREZ3705069XXX000373',NULL,NULL,0,'Str. Targului, nr. 29',NULL,NULL,'2025-01-05 16:36:53',NULL),(2099,12,'DIVERS CONSULTING GRUP SRL','J40/15431/2004','Bucuresti','BUCURESTI','16844626',NULL,'RO09TREZ7035069XXX006995',NULL,NULL,0,'Str. Racari, nr 5',NULL,NULL,'2025-01-05 16:36:53',NULL),(2100,12,'LENOX PROD SRL','J40/19843/2005','Bucuresti','BUCURESTI','18163841',NULL,'RO43TREZ7005069XXX008509',NULL,NULL,0,'Str. Dealul Mare, nr. 31A, Sector 4',NULL,NULL,'2025-01-05 16:36:53',NULL),(2101,12,'BASORELIEF DESIGN','J38/1322/2022','','VILCEA','47163446',NULL,'RO81TREZ6715069XXX014376',NULL,NULL,0,'sat. Priporu, str.Bercu nr. 56',NULL,NULL,'2025-01-05 16:36:53',NULL),(2102,12,'TEHNOPLUS MEDICAL SERVICE','','BUCURESTI','BUCURESTI','38022073',NULL,'RO53TREZ7005069XXX015313',NULL,NULL,0,'STR. ODOBESTI, NR. 1, CORP 3, 1',NULL,NULL,'2025-01-05 16:36:53',NULL),(2103,12,'ECOLAB GESELLSCHAFT MBH','','Iasi','IASI','48920624',NULL,'RO80TREZ7005069XXX015894',NULL,NULL,0,'Soseaua Pacurari, 138, etj. 2',NULL,NULL,'2025-01-05 16:36:53',NULL),(2104,12,'ALVIMED LOGISTIC SRL','J23/3695/2022','Chiajna','ILFOV','46270363',NULL,'RO32TREZ4215069XXX017954',NULL,NULL,0,'Str. Weiner Palada, nr. 12',NULL,NULL,'2025-01-05 16:36:53',NULL),(2105,12,'SIDE GRUP SRL','J02/200/2003','FELNAC','ARAD','15216895',NULL,'RO02TREZ0215069XXX010799',NULL,NULL,0,'STR. PRINCIPALA',NULL,NULL,'2025-01-05 16:36:53',NULL),(2106,12,'DOLEX COM SRL','J38/1511/1994','Ramnicu Valcea','VILCEA','6670360',NULL,'RO52TREZ6715069XXX001609',NULL,NULL,0,'Str. Timis, nr. 24, ',NULL,NULL,'2025-01-05 16:36:53',NULL),(2107,12,'TAG PRODUCTIE CONSULTANTA SRL','J40/14321/2003','Bucuresti','BUCURESTI','15849447',NULL,'RO95TREZ7005069XXX005245',NULL,NULL,0,'Str. Sold. I. Florea, nr. 7',NULL,NULL,'2025-01-05 16:36:53',NULL),(2108,12,'CN IMPRIMERIA NATIONALA ','J40/11925/2001','BUCURESTI','BUCURESTI','2779625',NULL,'RO39TREZ7005069XXX000433',NULL,NULL,0,'BD. IULIU MANIU, NR. 244D',NULL,NULL,'2025-01-05 16:36:53',NULL),(2109,12,'AG CAMO INTERNATIONAL SRL','J40/12878/2010','BUCURESTI','BUCURESTI','27863259',NULL,'RO15TREZ7065069XXX010096',NULL,NULL,0,'str. Margelelor, nr. 98A, Ap. 501',NULL,NULL,'2025-01-05 16:36:53',NULL),(2110,12,'ACINST SRL','J15/137/2001','GAESTI','DAMBOVITA','13972736',NULL,'RO07TREZ2735069XXX000129',NULL,NULL,0,'Str. Mihai Eminescu, nr. 5, ',NULL,NULL,'2025-01-05 16:36:53',NULL),(2111,8,'VEL PITAR ','','RIMNICU VILCEA','VILCEA','21229091',NULL,'RO72TREZ6715069XXX004353',NULL,NULL,0,'STR TIMIS NR 22',NULL,NULL,'2025-01-05 16:36:53',NULL),(2112,8,'BOBIX STAR ','','CURTEA DE ARGES','ARGES','5897730',NULL,'RO12TREZ0485069XXX000215',NULL,NULL,0,'VALEA IASULUI',NULL,NULL,'2025-01-05 16:36:53',NULL),(2113,8,'LACTATE NATURA','','TARGOVISTE','DIMBOVITA','912465',NULL,'RO78TREZ2715069XXX001497',NULL,NULL,0,'BD. INDEPENDENTEI, NR. 23',NULL,NULL,'2025-01-05 16:36:53',NULL),(2114,8,'GEOCOR TRADE IMP EXP ','J13/1860/2001','CONSTANTA','CONSTANTA','14255365',NULL,'RO52TREZ2315069XXX007355',NULL,NULL,0,'SOLA 123 PARCELA 1113/11/2',NULL,NULL,'2025-01-05 16:36:53',NULL),(2115,8,'DINCUDANA','J03/585/1992','BRADU','ARGES','3112033',NULL,'RO56BREL0002000721880100',NULL,NULL,0,'STR. PRINCIPALA, NR. 673',NULL,NULL,'2025-01-05 16:36:53',NULL),(2116,8,'DIANA SRL','J38/258/1991','BUJORENI, 110','VILCEA','2540090',NULL,'RO96TREZ6715069XXX001108',NULL,NULL,0,'CALEA LUI TRAIAN, 227',NULL,NULL,'2025-01-05 16:36:53',NULL),(2117,8,'INTERAGRO LACTATE ','','ZIMNICEA','TELEORMAN','27071119',NULL,'RO57RNCB0294116559110002',NULL,NULL,0,'NICOLAE BALCESCU, 56',NULL,NULL,'2025-01-05 16:36:53',NULL),(2118,8,'MATRA SRL','','SCORNICESTI','OLT','6287579',NULL,'RO72TREZ5065069XXX004107',NULL,NULL,0,'BLD. MUNCII BL 69 A AP 2',NULL,NULL,'2025-01-05 16:36:53',NULL),(2119,8,'FRIGOSTAR CLIMA AG','','Pitesti','ARGES','27250432',NULL,'RO45TREZ0465069XXX009057',NULL,NULL,0,'Str. Negru Voda, nr. 11',NULL,NULL,'2025-01-05 16:36:53',NULL),(2120,8,'MONTE BIANCO ROMANA','J03/1628/2003','PITESTI','ARGES','15964330',NULL,'RO13TREZ0465069XXX001388',NULL,NULL,0,'STR. CRAIOVEI, NR 128',NULL,NULL,'2025-01-05 16:36:53',NULL),(2121,8,'FRALVIL','J38/143/1991','RM VALCEA','VILCEA','1473880',NULL,'RO79TREZ6715069XXX000832',NULL,NULL,0,'STR. BARAJULUI, NR 52',NULL,NULL,'2025-01-05 16:36:53',NULL),(2122,8,'TILMACIU ILIE','','STEFANESTI','ARGES','20253830',NULL,'RO60RZBR0000060000076525',NULL,NULL,0,'STR. STEFANESTI, NR. 43',NULL,NULL,'2025-01-05 16:36:53',NULL),(2123,8,'DAR NIC IRI CONF ','J03/816/2013','PITESTI','ARGES','31870513',NULL,'RO74TREZ0465069XXX014258',NULL,NULL,0,'STR. CRAIOVEI, NR 128',NULL,NULL,'2025-01-05 16:36:53',NULL),(2124,8,'NORDIC  IMPEX ','J38/595/1997','RM VALCEA','VILCEA','9868533',NULL,'RO51TREZ6715069XXX001918',NULL,NULL,0,'STR.IANCU POP, NR 2-4',NULL,NULL,'2025-01-05 16:36:53',NULL),(2125,8,'METRO Cash Carry Romania','','Bradu','ARGES','8119423',NULL,'RO60TREZ7005069XXX000637',NULL,NULL,0,'DN65B, Km 107, 117140',NULL,NULL,'2025-01-05 16:36:53',NULL),(2126,8,'ECOLAB SRL','J22/486/1998','Iasi','IASI','10543381',NULL,'RO55TREZ4065069XXX001786',NULL,NULL,0,'Sos. Pacurari, nr. 138',NULL,NULL,'2025-01-05 16:36:53',NULL),(2127,8,'RTC PROFFICE EXPERIENCE ','J40/23411/1994','Bucuresti','BUCURESTI','6562512',NULL,'RO74TREZ7005069XXX000676',NULL,NULL,0,'Str. Drumul Sabareni, nr. 24-26, ',NULL,NULL,'2025-01-05 16:36:53',NULL),(2128,8,'TRINITI TRADING STAR 2004','J03/200/2004','Pitesti','ARGES','16135128',NULL,'RO09TREZ0465069XXX003982',NULL,NULL,0,'Str. 1 Decembrie, Gavana',NULL,NULL,'2025-01-05 16:36:53',NULL),(2129,8,'SCALE EXPERT','','Bucuresti','BUCURESTI','30798819',NULL,'RO19TREZ7005069XXX010687',NULL,NULL,0,'Str. Intrarea Sutasului, nr. 7, sector 1',NULL,NULL,'2025-01-05 16:36:53',NULL),(2130,8,'MAXIGEL','J29/2278/1994','Ploiesti','PRAHOVA','6219272',NULL,'RO50TREZ5215069XXX002021',NULL,NULL,0,'Str. Laboratorului, nr. 29 B',NULL,NULL,'2025-01-05 16:36:53',NULL),(2131,8,'DIRECTIA SANITARA VETERINARA','','PITESTI','ARGES','30288437',NULL,'RO23TREZ046502201X013902',NULL,NULL,0,'CALEA CAMPULUNG, NR. 4',NULL,NULL,'2025-01-05 16:36:53',NULL),(2132,8,'FIMAX TRADING ','J29/2827/2006','Bucuresti','BUCURESTI','19962413',NULL,'RO10TREZ7045069XXX013123',NULL,NULL,0,'Str. Pictor Stefan Dumitrescu, nr. 5, bl. 3, sc. 1',NULL,NULL,'2025-01-05 16:36:53',NULL),(2133,8,'SRAC CERT','J40/13276/2007','Bucuresti','BUCURESTI','22088675',NULL,'RO26TREZ7005069XXX003383',NULL,NULL,0,'Str. Vasile Parvan, nr. 14,sector 1',NULL,NULL,'2025-01-05 16:36:53',NULL),(2134,8,'PROTECT STORE ','J40/9859/2011','Bucuresti','BUCURESTI','28990218',NULL,'RO12TREZ7015069XXX012594',NULL,NULL,0,'Str. Cluj, nr. 1, ap. 1, parter, Sector 1',NULL,NULL,'2025-01-05 16:36:53',NULL),(2135,8,'ALTEX ROMANIA SRL','J23/2611/2016','Voluntari','ILFOV','2864518',NULL,'RO67TREZ7005069XXX008077',NULL,NULL,0,'Sos. Bucuresti-Nord, nr. 10, ',NULL,NULL,'2025-01-05 16:36:53',NULL),(2136,8,'TIK MEDIA SOLUTIONS ','J40/415/2013','Bucuresti','BUCURESTI','31094773',NULL,'RO26TREZ7055069XXX009475',NULL,NULL,0,'Str. Telita, nr. 4, bloc 66B, sc. B, ap. 68',NULL,NULL,'2025-01-05 16:36:53',NULL),(2137,8,'ORION GOLDEN ','J03/1361/2003','Pitesti','ARGES','15829130',NULL,'RO46TREZ0465069XXX001376',NULL,NULL,0,'str. Campineanu, bl. M3, sc. A, parter',NULL,NULL,'2025-01-05 16:36:53',NULL),(2138,8,'ACINST SRL','J15/137/2001','Gaesti','DIMBOVITA','13972736',NULL,'RO07TREZ2735069XXX000129',NULL,NULL,0,'str. M.Eminescu, nr. 3, ',NULL,NULL,'2025-01-05 16:36:53',NULL),(2139,8,'OLYMEL FLAMINGO FOOD ','','Bucuresti','BUCURESTI','25347278',NULL,'RO75TREZ7005069XXX016081',NULL,NULL,0,'Str.Ornamentului, nr 2, bl E7, ap 30, sector 4',NULL,NULL,'2025-01-05 16:36:53',NULL),(2140,8,'EURICOM TRADE ','','Orlesti','VILCEA','33493045',NULL,'RO43RZBR0000060017079088',NULL,NULL,0,'Com. Orlesti, Sat. Orlesti, nr 50',NULL,NULL,'2025-01-05 16:36:53',NULL),(2141,8,'RADICSTAR ','','Stefanesti','ARGES','4917490',NULL,'RO14TREZ0465069XXX001855',NULL,NULL,0,'Oras. Stefanesti, DN 7, Nr 209',NULL,NULL,'2025-01-05 16:36:53',NULL),(2142,8,'GLOBAL PACKING','J40/17229/2005','','','18038016',NULL,'RO62TREZ7035069XXX013704',NULL,NULL,0,'',NULL,NULL,'2025-01-05 16:36:53',NULL),(2143,8,'LEGUME FRUCTE COM','J40/9984/1997','Bucuresti','BUCURESTI','10062337',NULL,'RO91TREZ7035069XXX000184',NULL,NULL,0,'Str. Alexandru Moruzzi, nr 11A, bl V59, sc1, ap 2',NULL,NULL,'2025-01-05 16:36:53',NULL),(2144,8,'APRO-COM-IMPEX','J28/86/1997','Slatina','OLT','9279406',NULL,'RO55TREZ5065069XXX000436',NULL,NULL,0,'Str. Ec. Teodoroiu, nr 12, sc A, ap3',NULL,NULL,'2025-01-05 16:36:53',NULL),(2145,8,'PESTCONTROL EXPERT ','J40/14657/2012','Bucuresti','BUCURESTI','31008225',NULL,'RO40TREZ7005069XXX011279',NULL,NULL,0,'Str. sf. Voievozi, nr. 65, bl. subsol',NULL,NULL,'2025-01-05 16:36:53',NULL),(2146,8,'AMBIENT ','J32/82/1993','Sibiu','SIBIU','3099430',NULL,'RO29TREZ5765069XXX001608',NULL,NULL,0,'Str. Turda, nr. 15, ',NULL,NULL,'2025-01-05 16:36:53',NULL),(2147,8,'AXOM STEEL SRL','J03/848/2008','ALBOTA','ARGES','23722915',NULL,'RO36TREZ0465069XXX007958',NULL,NULL,0,'NR. 456, CORP A',NULL,NULL,'2025-01-05 16:36:53',NULL),(2148,8,'EPRUBETA FARM','J10/658/1998','Maracineni','BUZAU','11171693',NULL,'RO68TREZ1665069XXX000718',NULL,NULL,0,'Str. Principala, nr. 72',NULL,NULL,'2025-01-05 16:36:53',NULL),(2149,8,'KLAUS DISTRIBUTION','J32/494/2001','Sibiu','SIBIU','14154620',NULL,'RO68TREZ5765069XXX002167',NULL,NULL,0,'Str. Odesa, nr. 11, ',NULL,NULL,'2025-01-05 16:36:53',NULL),(2150,8,'BEST POINT STAR ','J17/1348/2013','Vanatori','GALATI','32416915',NULL,'RO44TREZ3065069XXX013616',NULL,NULL,0,'Sat. Costi, Comuna Vanatori',NULL,NULL,'2025-01-05 16:36:53',NULL),(2151,8,'DUMIDET ACTIV ','','BUCURESTI','ARGES','36321567',NULL,'RO33TREZ7035069XXX018009',NULL,NULL,0,'BUCURESTI',NULL,NULL,'2025-01-05 16:36:53',NULL),(2152,8,'AQUATOR ','J22 -1430/2003','IASI','IASI','15651244',NULL,'RO57TREZ4065069XXX005824',NULL,NULL,0,'Bd.Alexandru cel Bun, nr 24, bl H7, et 1, ap 2',NULL,NULL,'2025-01-05 16:36:53',NULL),(2153,8,'LA FANTANA ','J40/3531/1999','Bucuresti','BUCURESTI','35534516',NULL,'RO24TREZ7005069XXX011858',NULL,NULL,0,'Bd. Garii Obor, nr. 8 C, sector 2',NULL,NULL,'2025-01-05 16:36:53',NULL),(2154,8,'SOCADANCE MD ','J03/271/2006','PITESTI','ARGES','18392942',NULL,'RO93TREZ0465069XXX016147',NULL,NULL,0,'PITESTI',NULL,NULL,'2025-01-05 16:36:53',NULL),(2155,8,'ROCADA OFFICE GRUP','','PITESTI','ARGES','30041487',NULL,'RO17TREZ0465069XXX012568',NULL,NULL,0,'',NULL,NULL,'2025-01-05 16:36:53',NULL),(2156,8,'ADCON ','38/73/94','RM VALCEA','VALCEA','5189319',NULL,'RO17TREZ6715069XXX001366',NULL,NULL,0,'Str. Carol 1, nr 28',NULL,NULL,'2025-01-05 16:36:53',NULL),(2157,8,'NED COM ','J13/2614/1995','CONSTANTA','CONSTANTA','7822416',NULL,'RO08TREZ2315069XXX003685',NULL,NULL,0,'VARFUL CU DOR',NULL,NULL,'2025-01-05 16:36:53',NULL),(2158,8,'MCSS STANDARD SOLUTION SRL','J12/595/2013','Cluj-Napoca','CLUJ','31283543',NULL,'RO47TREZ2165069XXX031267',NULL,NULL,0,'Str. Buna Ziua, nr. 25 F, ap. 9',NULL,NULL,'2025-01-05 16:36:53',NULL),(2159,8,'DELTEH ','J30/478/2012','CAREI','SATU MARE','30404639',NULL,'RO19TREZ5475069XXX001937',NULL,NULL,0,'CALEA ARMATEI',NULL,NULL,'2025-01-05 16:36:53',NULL),(2160,8,'ELECTRO PLUS ','J32/702/2004','SIBIU','SIBIU','16408244',NULL,'RO28TREZ5765069XXX003954',NULL,NULL,0,'STR. LUNGA, NR. 28, 101/6',NULL,NULL,'2025-01-05 16:36:53',NULL),(2161,8,'HORECA DISTRIBUTION','J 40/5471/2005','BUCURESTI','BUCURESTI','17391892',NULL,'RO63TREZ7005069XXX008149',NULL,NULL,0,'STR. LUCIENI, NR 39A, CAMERA 1, SECTOR 3',NULL,NULL,'2025-01-05 16:36:53',NULL),(2162,8,'FABI TOTAL GRUP ','J40/8902/2003','Bucuresti','BUCURESTI','15556234',NULL,'RO88TREZ7005069XXX005177',NULL,NULL,0,'Sos. Berceni, nr. 104 H, corp C1, etj. 1, camera 3',NULL,NULL,'2025-01-05 16:36:53',NULL),(2163,8,'ACORD TRADING ','J27/1534/2006','Piatra Neamt','NEAMT','20125475',NULL,'RO98TREZ4915069XXX005927',NULL,NULL,0,'Str. General Dascalescu, nr. 365, ',NULL,NULL,'2025-01-05 16:36:53',NULL),(2164,8,'MEDCHIM EXPERT ','J26 / 114/2016','TARGU MURES','MURES','35529099',NULL,'RO75TREZ4765069XXX016098',NULL,NULL,0,'STR. CAMPULUI, NR 18, AP C17',NULL,NULL,'2025-01-05 16:36:53',NULL),(2165,8,'MONTE BIANCO LOGISTIC','J3/2639/2018','CATEASCA','ARGES','40284459',NULL,'RO06TREZ0515069XXX001301',NULL,NULL,0,'STR. COSERI, 74',NULL,NULL,'2025-01-05 16:36:53',NULL),(2166,8,'ABACANDREI COM ','J40/83/2012','BUCURESTI','BUCURESTI','29511810',NULL,'RO18TREZ7055069XXX008649',NULL,NULL,0,'STR. FIRUTA, NR. 22, ',NULL,NULL,'2025-01-05 16:36:53',NULL),(2167,8,'PAN PARTENER SPEDITION ARG','J3/917/2012','Pitesti','ARGES','30399265',NULL,'RO51TREZ0465069XXX014575',NULL,NULL,0,'Aleea Ioan Manliu 2, Bl. B6A, Sc. A, Et 1, Ap 4',NULL,NULL,'2025-01-05 16:36:53',NULL),(2168,8,'IRINEL ','j03/596/1992','VALEA MARE PRAVAT','ARGES','190258',NULL,'RO15TREZ0475069XXX000514',NULL,NULL,0,'NAMAIESTI',NULL,NULL,'2025-01-05 16:36:53',NULL),(2169,8,'DISTRIBUTIE PE GUSTATE S.R.L.','','PRIMAVERII, 23','DOLJ','29171700',NULL,'RO94TREZ2915069XXX022764',NULL,NULL,0,'',NULL,NULL,'2025-01-05 16:36:53',NULL),(2170,8,'FOURNIKA MONEY SET ','J03/912/2010','HARSESTI','ARGES','27393327',NULL,'RO20TREZ0505069XXX001111',NULL,NULL,0,'HARSESTI, NR, 176',NULL,NULL,'2025-01-05 16:36:53',NULL),(2171,8,'STEDYAN COM','','BRAILA','BRAILA','15779023',NULL,'RO88TREZ1515069XXX001967',NULL,NULL,0,'STR. SCOLILOR, NR 39',NULL,NULL,'2025-01-05 16:36:53',NULL),(2172,8,'DIRECA DEPO ','J05/1886/2004','Oradea','BIHOR','16845842',NULL,'RO30TREZ0765069XXX013675',NULL,NULL,0,'Loc. Gepiu, nr. 649',NULL,NULL,'2025-01-05 16:36:53',NULL),(2173,8,'RISTO PROFI','J40/10974/2018','Bucuresti','BUCURESTI','39692063',NULL,'RO14TREZ7025069XXX020644',NULL,NULL,0,'Str. Doamna Ghica, nr. 86, parter, ',NULL,NULL,'2025-01-05 16:36:53',NULL),(2174,8,'PLASTOR TRADING','J05/3067/2007','Oradea','BIHOR','22870522',NULL,'RO45TREZ0765069XXX006518',NULL,NULL,0,'Str. Gutenberg, nr. 24',NULL,NULL,'2025-01-05 16:36:53',NULL),(2175,8,'VALMIX STEEL ','J40/3310/2007','BUCURESTI','BUCURESTI','21117683',NULL,'RO38TREZ7045069XXX011164',NULL,NULL,0,'Str. Turnu Mgurele, nr. 13, bl. S2, sc. 3',NULL,NULL,'2025-01-05 16:36:53',NULL),(2176,8,'EXFLOR S.R.L.','J16/469/1998','Craiova','DOLJ','10544271',NULL,'RO88TREZ2915069XXX004345',NULL,NULL,0,'STR. Calea Severinului, nr. 129, ',NULL,NULL,'2025-01-05 16:36:53',NULL),(2177,8,'DOIMAN COM','J16 / 3171 / 1','CRAIOVA','DOLJ','6488610',NULL,'RO02TREZ2915069XXX002789',NULL,NULL,0,'B-DUL DACIA, NR. 149, Bl 23, Ap.20, Sc.1 ',NULL,NULL,'2025-01-05 16:36:53',NULL),(2178,8,'MARVALEX DUO B','J 03/ 203/2011','ALBOTA','ARGES','28030940',NULL,'RO98TREZ0465069XXX018191',NULL,NULL,0,'Str. ALBOTA NR. 408 BIS',NULL,NULL,'2025-01-05 16:36:53',NULL),(2179,8,'DANTE INTERNATIONAL ','J40/372/2002','BUCURESTI','BUCURESTI','14399840',NULL,'RO26TREZ7005069XXX001637',NULL,NULL,0,'148 VIRTUTII, E47, SECTOR 6',NULL,NULL,'2025-01-05 16:36:53',NULL),(2180,8,'BOHEMIA ','J22/43/2003','VALEA LUPULUI','IASI','15130670',NULL,'RO67TREZ4065069XXX006129',NULL,NULL,0,'STR. DIMINETII, NR. 3, LOC. VALEA LUPULUI',NULL,NULL,'2025-01-05 16:36:53',NULL),(2181,8,'TEHNO ELECTRO MEDICAL COMPANY ','J40/2178/2010','Bucuresti','BUCURESTI','217930',NULL,'RO71TREZ7005069XXX004610',NULL,NULL,0,'str. Calusei, nr. 69A, sector 2',NULL,NULL,'2025-01-05 16:36:53',NULL),(2182,8,'TEHNOPLUS MEDICAL ','J40/13952/1993','Bucuresti','ARGES','4261939',NULL,'RO30TREZ7005069XXX002729',NULL,NULL,0,'Str. Odobesti, nr. 1, sector 3',NULL,NULL,'2025-01-05 16:36:53',NULL),(2183,8,'GREWE SRL','J32/108/1997','VESTEM','SIBIU','9231165',NULL,'RO28TREZ5765069XXX002887',NULL,NULL,0,'STR. PRINCIPALA, NR.193',NULL,NULL,'2025-01-05 16:36:53',NULL),(2184,8,'TELETEC ','J26/525/2001','Reghin','MURES','14063769',NULL,'RO20TREZ4775069XXX000439',NULL,NULL,0,'str. Garii, nr. 18',NULL,NULL,'2025-01-05 16:36:53',NULL),(2185,8,'RADRA INDUSTRIAL','J29/2064/2017','PAULESTI','PRAHOVA','38082032',NULL,'RO56TREZ5395069XXX009624',NULL,NULL,0,'SAT. GAGENI, NR. 701, GAGENI',NULL,NULL,'2025-01-05 16:36:53',NULL),(2186,8,'DIRECTIA DE SANATATE PUBLICA ARGES','','PITESTI','ARGES','11301157',NULL,'RO04TREZ04620E365000XXXX',NULL,NULL,0,'PITESTI',NULL,NULL,'2025-01-05 16:36:53',NULL),(2187,8,'HENDI FOOD SERVICE EQUIPMENT ROMANIA','J08/768/2010','MUN. BRASOV','BRASOV','27170732',NULL,'RO73TREZ1315069XXX014050',NULL,NULL,0,'Strada: 13 Decembrie, nr. 94A ',NULL,NULL,'2025-01-05 16:36:53',NULL),(2188,8,'M D RETAIL PITESTI ','J40/15461/2007','PITESTI','ARGES','22260419',NULL,'RO61TREZ7005069XXX007603',NULL,NULL,0,'DN 65B KM 6, COM. BRADU, ',NULL,NULL,'2025-01-05 16:36:53',NULL),(2189,8,'VIVA METAL DECOR ','J03/403/2005','CURTEA DE ARGES','ARGES','17295275',NULL,'RO79TREZ0485069XXX001531',NULL,NULL,0,'STR. ALBESTI, NR. 10, ',NULL,NULL,'2025-01-05 16:36:53',NULL),(2190,8,'FLANCO RETAIL ','J23/513/2012','bucuresti','BUCURESTI','27698631',NULL,'RO12TREZ7005069XXX008291',NULL,NULL,0,'Sos. Bucuresti Nord, nr. 15-25',NULL,NULL,'2025-01-05 16:36:53',NULL),(2191,8,'TOP PAPER STAR ','','PITESTI','ARGES','32584242',NULL,'RO82TREZ0465069XXX014017',NULL,NULL,0,'STR. LIBERTATII',NULL,NULL,'2025-01-05 16:36:53',NULL),(2192,8,'PECEF TEHNICA ','J29/1196/1996','PLOIESTI','PRAHOVA','8772898',NULL,'RO91TREZ5215069XXX002447',NULL,NULL,0,'STR. TOMA CARAGIU, NR. 4',NULL,NULL,'2025-01-05 16:36:53',NULL),(2193,8,'AMA FRUCT CP','J33/200/2011','HORODNICENI','SUCEAVA','28103545',NULL,'RO84TREZ5915069XXX011425',NULL,NULL,0,'SAT: ROTOPANESTI, NR: 17',NULL,NULL,'2025-01-05 16:36:53',NULL),(2194,8,'BLACK SEA EURO INVESTMENTS','J13/656/2007','CONSTANTA','CONSTANTA','21211132',NULL,'RO33TREZ2315069XXX018464',NULL,NULL,0,'SOLA: 123, PARCELA 1113/11/2, LOT 2, HALA BIROU',NULL,NULL,'2025-01-05 16:36:53',NULL),(2195,8,'PRODPAN LACHITA ','J03/14/2015','CAMPULUNG MUSCEL','ARGES','33943689',NULL,'RO27TREZ0475069XXX004663',NULL,NULL,0,'Str. WALTER MARACINEANU, Nr.1',NULL,NULL,'2025-01-05 16:36:53',NULL),(2196,8,'NISARA IMPEX','J08/808/1996','Sacele','BRASOV','8566375',NULL,'RO23TREZ1315069XXX003504',NULL,NULL,0,'Str. G-ral. Dragalina, Nr.21A',NULL,NULL,'2025-01-05 16:36:53',NULL),(2197,8,'ARGESSIS ELECTROSERVICE SRL','J03/987/2002','PITESTI','ARGES','15097131',NULL,'RO63TREZ0465069XXX004174',NULL,NULL,0,'PITESTI',NULL,NULL,'2025-01-05 16:36:53',NULL),(2198,8,'ROMINE COMERT IMP EXP','J03/2830/1992','MIOVENI','ARGES','2521595',NULL,'RO02TREZ0495069XXX013913',NULL,NULL,0,'',NULL,NULL,'2025-01-05 16:36:53',NULL),(2199,8,'PRO HIGIENIC SRL','J17/183/2011','GALATI','GALATI','28034518',NULL,'RO18TREZ3065069XXX011465',NULL,NULL,0,'BASARABIEI 118,  AP. CAM. 2',NULL,NULL,'2025-01-05 16:36:53',NULL),(2200,8,'PANECOM COMERCIAL NEW','J03/1344/2009','Pitesti','ARGES','26312049',NULL,'RO41TREZ0465069XXX008644',NULL,NULL,0,'Strada: Calugareni, Nr.4',NULL,NULL,'2025-01-05 16:36:53',NULL),(2201,8,'ANNABELLA CONSERVE RAURENI','J38/268/2001','Ramnicu Valcea','VILCEA','14075542',NULL,'RO29TREZ6715069XXX000568',NULL,NULL,0,'Str. Stolniceni, Nr. 49',NULL,NULL,'2025-01-05 16:36:53',NULL),(2202,8,'MEDAZ LIFE CONSUM SRL','J40/7521/2017','Cernica','ILFOV','37624364',NULL,'RO48TREZ7035069XXX020455',NULL,NULL,0,'Str. Oxigenului, nr. 4A',NULL,NULL,'2025-01-05 16:36:53',NULL),(2203,8,'GLOBUS TRANSPORT SRL','J12/3151/1991','Cluj Napoca','CLUJ','223673',NULL,'RO77TREZ2165069XXX032570',NULL,NULL,0,'Str. Fagetului, nr. 14F',NULL,NULL,'2025-01-05 16:36:53',NULL),(2204,8,'BELFIX DISTRIBUTIE','J23/18102014','ILFOV','ILFOV','33000856',NULL,'RO35TREZ4215069XXX010140',NULL,NULL,0,'Str. Mircea Eliade, nr. 16',NULL,NULL,'2025-01-05 16:36:53',NULL),(2205,8,'INFO TRUST SRL','J37/288/2004','Barlad','VASLUI','16370727',NULL,'RO96TREZ6565069XXX007373',NULL,NULL,0,'Str. Suceava, nr. 8',NULL,NULL,'2025-01-05 16:36:53',NULL),(2206,8,'SIDE GRUP SRL','J02/200/2003','FELNAC','ARAD','15216895',NULL,'RO02TREZ0215069XXX010799',NULL,NULL,0,'STR. PRINCIPALA ',NULL,NULL,'2025-01-05 16:36:53',NULL),(2207,8,'BRADET SRL','J03/400/2001','BRADULET','ARGES','14062704',NULL,'RO22TREZ0465069XXX009471',NULL,NULL,0,'SAT: BRADETU',NULL,NULL,'2025-01-05 16:36:53',NULL),(2208,16,'CNCIR','RO 27787860','PITESTI','ARGES','27787860',NULL,'RO48TREZ7005069XXX007740',NULL,NULL,0,'STR. OCNA SIBIULUI',NULL,NULL,'2025-01-05 16:36:53',NULL),(2209,16,'HSEQ CONSULTING DEVELOPMENT ','J29/1707/3107','PLOIESTI','PRAHOVA','48563360',NULL,'RO14TREZ5215069XXX018092',NULL,NULL,0,'BDUL INDEPENDENTEI NR. 23 BIS ',NULL,NULL,'2025-01-05 16:36:53',NULL),(2210,3,'ENGIE','','PITESTI','ARGES','13093222',NULL,'RO41TREZ7005069XXX000397',NULL,NULL,0,'B-DUL PETROCHIMISTILOR NR. 1',NULL,NULL,'2025-01-05 16:36:53',NULL),(2211,3,'SC CEZ VANZARE SA','','CRAIOVA','DOLJ','21349608',NULL,'RO40TREZ2915069XXX006470',NULL,NULL,0,'STR BRESTEI NR. 2',NULL,NULL,'2025-01-05 16:36:53',NULL),(2212,3,'STERILECO SRL','','BUCURESTI','BUCURESTI','15071999',NULL,'RO17TREZ7005069XXX014603',NULL,NULL,0,'CALEA VACARESTI NR. 391, CLADIREA SUN OFFICES, SEC',NULL,NULL,'2025-01-05 16:36:53',NULL),(2213,3,'APA CANAL 2000 SA','','PITESTI','ARGES','13009001',NULL,'RO74TREZ0465069XXX000678',NULL,NULL,0,'STR. I.C. BRATIANU NR. 24A',NULL,NULL,'2025-01-05 16:36:53',NULL),(2214,3,'CNCIR SA','','PITESTI','ARGES','27787860',NULL,'RO48TREZ7005069XXX007740',NULL,NULL,0,'STR. COZIA NR.1',NULL,NULL,'2025-01-05 16:36:53',NULL),(2215,3,'BRIO MEDIA ADVERTISING S.R.L.','','PITESTI','ARGES','16855790',NULL,'RO61TREZ0465069XXX003337',NULL,NULL,0,'B-DUL REPUBLICII NR. 1A',NULL,NULL,'2025-01-05 16:36:53',NULL),(2216,3,'ARGES PRESS SRL','','PITESTI','ARGES','130809',NULL,'RO62TREZ0465069XXX000700',NULL,NULL,0,'B-DUL REPUBLICII NR. 88',NULL,NULL,'2025-01-05 16:36:53',NULL),(2217,3,'CUSTODIA GROUP SRL','','BUCURESTI','BUCURESTI','3453367',NULL,'RO33TREZ7005069XXX008786',NULL,NULL,0,'DRUMUL TABEREI NR. 57, BL. R4, SC. C, SECTOR 6',NULL,NULL,'2025-01-05 16:36:53',NULL),(2218,3,'SALUBRITATE 2000 SA','','PITESTI','ARGES','13031718',NULL,'RO09TREZ0465069XXX000684',NULL,NULL,0,'STR. TARGUL DIN VALE NR. 25, ',NULL,NULL,'2025-01-05 16:36:53',NULL),(2219,3,'DEDEMAN','','PITESTI','ARGES','2816464',NULL,'RO75TREZ0615069XXX001476',NULL,NULL,0,'B-DUL NICOLAE BALCESCU, NR. 158',NULL,NULL,'2025-01-05 16:36:53',NULL),(2220,3,'CASTOR SRL','','STEFANESTI','ARGES','137556',NULL,'RO03TREZ0465069XXX000889',NULL,NULL,0,'SOSEAUA BUCURESTI-PITESTI NR. 58',NULL,NULL,'2025-01-05 16:36:53',NULL),(2221,3,'CRONOS SRL','','PITESTI','ARGES','10354021',NULL,'RO90TREZ0465069XXX000390',NULL,NULL,0,'STR. DEPOZITELOR NR.21',NULL,NULL,'2025-01-05 16:36:53',NULL),(2222,3,'POLITEH SA','','PLOIESTI','PRAHOVA','5072725',NULL,'RO98TREZ5215069XXX001836',NULL,NULL,0,'STR. POLIGONULUI, NR. 2',NULL,NULL,'2025-01-05 16:36:53',NULL),(2223,3,'TBM INNOVATION STEEL SRL','','PITESTI','ARGES','31554740',NULL,'RO28TREZ0465069XXX013437',NULL,NULL,0,'DN 65B, AUTOSTRADA KM 105',NULL,NULL,'2025-01-05 16:36:53',NULL),(2224,3,'PARTENER TRADING 2000 SRL','','PITESTI','ARGES','18831932',NULL,'RO28TREZ0465069XXX006453',NULL,NULL,0,'STR. EXERCITIU, BL. D25, AP. 9',NULL,NULL,'2025-01-05 16:36:53',NULL),(2225,3,'MIR 2000 SERVICE SRL','','BUCURESTI','BUCURESTI','11148151',NULL,'RO43TREZ7065069XXX003093',NULL,NULL,0,'STR. GABRIEL CIORAN NR.4, SECTOR 4, AP.6.',NULL,NULL,'2025-01-05 16:36:53',NULL),(2226,3,'DELTA PLUS SRL','','PITESTI','ARGES','138446',NULL,'RO55TREZ0465069XXX000923',NULL,NULL,0,'STR. LIBERTATII NR.29, BL. D14',NULL,NULL,'2025-01-05 16:36:53',NULL),(2227,3,'ARABESQUE SRL','','GALATI','GALATI','5340801',NULL,'RO66TREZ3065069XXX001095',NULL,NULL,0,'STR. TIMISULUI NR. 1',NULL,NULL,'2025-01-05 16:36:53',NULL),(2228,3,'ANDRECON CONCRETE SRL','','PITESTI','ARGES','28890111',NULL,'RO27TREZ0465069XXX013358',NULL,NULL,0,'STR. FANTANII NR. 45',NULL,NULL,'2025-01-05 16:36:53',NULL),(2229,3,'U.M. 01263 TIRGOVISTE','','TARGOVISTE','DIMBOVITA','4279715',NULL,'RO58TREZ27120360150XXXXX',NULL,NULL,0,'STR. NICOLAE BALCESSCU NR. 2-4',NULL,NULL,'2025-01-05 16:36:53',NULL),(2230,3,'TECHNOLOGY PROMOTION SRL','','PITESTI','ARGES','6796092',NULL,'RO40TREZ0465069XXX002163',NULL,NULL,0,'',NULL,NULL,'2025-01-05 16:36:53',NULL),(2231,3,'VYANA MIX SRL','','TARGU MURES','MURES','16328773',NULL,'RO78TREZ4765069XXX007411',NULL,NULL,0,'STR. MUNCII NR. 15, AP. 9',NULL,NULL,'2025-01-05 16:36:53',NULL),(2232,3,'TUREXIM SRL','','BRADU','ARGES','145354',NULL,'RO48TREZ0465069XXX001146',NULL,NULL,0,'STR. TABACARIEI NR.7',NULL,NULL,'2025-01-05 16:36:53',NULL),(2233,3,'INFRA ELITE MANAGER SRL','','PITESTI','ARGES','33483289',NULL,'RO73TREZ0465069XXX014276',NULL,NULL,0,'STR. BALOTESTI NR. 72B',NULL,NULL,'2025-01-05 16:36:53',NULL),(2234,3,'SC COSTAS SRL','','PITESTI','ARGES','142064',NULL,'RO11TREZ0465069XXX001036',NULL,NULL,0,'STR. PETROCHIMISTILOR NR. 49 A',NULL,NULL,'2025-01-05 16:36:53',NULL),(2235,3,'MODERN IMPEX SRL','','PITESTI','ARGES','131529',NULL,'RO18TREZ0465069XXX000716',NULL,NULL,0,'STR. EXERCITIU',NULL,NULL,'2025-01-05 16:36:53',NULL),(2236,3,'FLORA EXPORT IMPORT','','CURTEA DE ARGES','ARGES','156671',NULL,'RO50TREZ0485069XXX003217',NULL,NULL,0,'STR. CASTANILOR NR. 6',NULL,NULL,'2025-01-05 16:36:53',NULL),(2237,3,'PRODIVERS AMVIG SRL','','PITESTI','ARGES','29316967',NULL,'RO54TREZ0465069XXX011999',NULL,NULL,0,'STR. TARGU DIN VALE NR. 34 ',NULL,NULL,'2025-01-05 16:36:53',NULL),(2238,3,'GLOBAL ANALYSIS DESIGN @CONSULTING SRL','','PITESTI','ARGES','18988768',NULL,'RO57TREZ0465069XXX005737',NULL,NULL,0,'STR. GAVENII NR. 37',NULL,NULL,'2025-01-05 16:36:53',NULL),(2239,3,'PROXIMA CENTAUR TRADINGS.R.L.','','PITESTI','ARGES','11313216',NULL,'RO64TREZ0465069XXX000470',NULL,NULL,0,'STR. ARMAND CALINESCU NR. 15',NULL,NULL,'2025-01-05 16:36:53',NULL),(2240,3,'EMP TRADE SRL','','BUCURESTI','BUCURESTI','6544850',NULL,'RO12TREZ7005069XXX003344',NULL,NULL,0,'SOS. MIHAI BRAVU NR. 132, SECTOR 2',NULL,NULL,'2025-01-05 16:36:53',NULL),(2241,3,'THR ELECTROPREST S.R.L.','','PITESTI','ARGES','24070119',NULL,'RO73TREZ0465069XXX006710',NULL,NULL,0,'STR.DEPOZITELOR NR. 20',NULL,NULL,'2025-01-05 16:36:53',NULL),(2242,3,'IMSAT SA','','PITESTI','ARGES','1571536',NULL,'RO56TREZ0465069XXX000614',NULL,NULL,0,'STR. FRATII GOLESTI, BL. S7B, PARTER',NULL,NULL,'2025-01-05 16:36:53',NULL),(2243,3,'AUTO UTIL CONSTRUCT SRL','','PITESTI','ARGES','17116892',NULL,'RO60TREZ0465069XXX005877',NULL,NULL,0,'DRUMUL 23, AUTOSTRADA BUC. PIT. KM 112',NULL,NULL,'2025-01-05 16:36:53',NULL),(2244,3,'METABET CF S.A.','','PITESTI','ARGES','128507',NULL,'RO89TREZ0465069XXX000602',NULL,NULL,0,'STR. TUDOR VLADIMIRESCU NR. 115',NULL,NULL,'2025-01-05 16:36:53',NULL),(2245,3,'SOCIETATE APARTAMENTUL SA','','PITESTI','ARGES','129170',NULL,'RO38TREZ0465069XXX000647',NULL,NULL,0,'STR DEPOZITELOR NR. 39 bis',NULL,NULL,'2025-01-05 16:36:53',NULL),(2246,3,'DRUM CONSTRUCT LOGISTIK SRL','','MICESTI','ARGES','25707881',NULL,'RO06TREZ0465069XXX010341',NULL,NULL,0,'MICESTI NR. 154',NULL,NULL,'2025-01-05 16:36:53',NULL),(2247,3,'I.S.C.I.R. BUCURESTI','','BUCURESTI','ILFOV','9731330',NULL,'RO34TREZ70520F330800XXXX',NULL,NULL,0,'BUCURESTI',NULL,NULL,'2025-01-05 16:36:53',NULL),(2248,3,'EXPROGAZ SRL','','CURTEA DE ARGES','ARGES','31562530',NULL,'RO80TREZ0485069XXX003647',NULL,NULL,0,'STR. VALEA DOAMNEI NR. 29B',NULL,NULL,'2025-01-05 16:36:53',NULL),(2249,3,'MOVIPLAST SRL','','CRAIOVA','DOLJ','4710566',NULL,'RO03TREZ2915069XXX002383',NULL,NULL,0,'STR. BANUL STEPAN NR. 1A',NULL,NULL,'2025-01-05 16:36:53',NULL),(2250,3,'RTC PROFFICE EXPERIENCE SA','','BUCURESTI','ARGES','6562512',NULL,'RO74TREZ7005069XXX000676',NULL,NULL,0,'STR. DRUMUL SABARENI NR. 24-25, SECTOR 6',NULL,NULL,'2025-01-05 16:36:53',NULL),(2251,3,'DANICONVAL SRL','','ALBOTA','ARGES','22681795',NULL,'RO72TREZ0465069XXX008280',NULL,NULL,0,'SAT CERBU  NR.97',NULL,NULL,'2025-01-05 16:36:53',NULL),(2252,3,'ALM POWER GROUP SRL','','CRAIOVA','DOLJ','32610317',NULL,'RO55TREZ2915069XXX017840',NULL,NULL,0,'STR. EUGENIU CARADA NR.7, ',NULL,NULL,'2025-01-05 16:36:53',NULL),(2253,3,'GEO-STING SRL','','STEFANESTI','ARGES','5578740',NULL,'RO15TREZ2715069XXX001079',NULL,NULL,0,'SOS. BUCURESTI PITESTI',NULL,NULL,'2025-01-05 16:36:53',NULL),(2254,3,'RARES&REBECA DESIGN SRL - D','J03/188/2014','PITESTI','ARGES','32764391',NULL,'RO62TREZ0465069XXX014183',NULL,NULL,0,'PITESTI',NULL,NULL,'2025-01-05 16:36:53',NULL),(2255,3,'META-NEFEROM','','BASCOV','ARGES','142552',NULL,'RO64TREZ0465069XXX001052',NULL,NULL,0,'STR. SERELOR NR.2',NULL,NULL,'2025-01-05 16:36:53',NULL),(2256,3,'AXOM STEEL SRL','','ALBOTA','ARGES','23722915',NULL,'RO36TREZ0465069XXX007958',NULL,NULL,0,'STR. DR. NICOLAE CRETULESCU, BL A3, PARTER',NULL,NULL,'2025-01-05 16:36:53',NULL),(2257,3,'LA FANTANA SRL','','BUCURESTI','BUCURESTI','35534516',NULL,'RO24TREZ7005069XXX011858',NULL,NULL,0,'B-UL GARII OBOR NR 8C, SECTOR 2',NULL,NULL,'2025-01-05 16:36:53',NULL),(2258,3,'EUROTOTAL COMP SRL','','BUCURESTI','BUCURESTI','5324539',NULL,'RO18TREZ7005069XXX007989',NULL,NULL,0,'STR. SFANTA MARIA NR. 1, BL. 10 A4',NULL,NULL,'2025-01-05 16:36:53',NULL),(2259,3,'EPRUBETA FARM SRL','','MARACINENI','BUZAU','11171693',NULL,'RO68TREZ1665069XXX000718',NULL,NULL,0,'STR. PRINCIPALA NR. 72',NULL,NULL,'2025-01-05 16:36:53',NULL),(2260,3,'APM ARGES','','PITESTI','ARGES','4317983',NULL,'RO58TREZ0465032XXX000294',NULL,NULL,0,'STR. MAIOR GH. SONTU NR. 8A',NULL,NULL,'2025-01-05 16:36:53',NULL),(2261,3,'ROMCLEAN IMPORT SRL','','BUCURESTI','BUCURESTI','7432570',NULL,'RO33TREZ7065069XXX004631',NULL,NULL,0,'STR. BUTUCENI NR. 10, SECTOR 1',NULL,NULL,'2025-01-05 16:36:53',NULL),(2262,3,'AQVA TERMO SANIT SRL','','CURTEA DE ARGES','ARGES','10026350',NULL,'RO44TREZ0485069XXX000512',NULL,NULL,0,'STR ALBESTI, BL E18, SC. A, AP. 2',NULL,NULL,'2025-01-05 16:36:53',NULL),(2263,3,'MEDCHIM EXPERT SRL','','TA. MURES','MURES','35529099',NULL,'RO75TREZ4765069XXX016098',NULL,NULL,0,'TG. MURES, STR. CAMPULUI NR.18',NULL,NULL,'2025-01-05 16:36:53',NULL),(2264,3,'NEOMED SRL','','ORADEA','BIHOR','8728108',NULL,'RO63TREZ0765069XXX002702',NULL,NULL,0,'STR. HOREA NR. 1',NULL,NULL,'2025-01-05 16:36:53',NULL),(2265,3,'OFICIUL DE CADASTRU SI PUBLICITATE IMOBILIARA AG','','PITESTI','ARGES','9861900',NULL,'RO13TREZ04620G330800XXXX',NULL,NULL,0,'',NULL,NULL,'2025-01-05 16:36:53',NULL),(2266,3,'DALIRO SRL','','CICANESTI','ARGES','4464283',NULL,'RO47TREZ0485069XXX000264',NULL,NULL,0,'STR. BARASTI NR. 168',NULL,NULL,'2025-01-05 16:36:53',NULL),(2267,3,'M&D RETAIL PIPERA SRL','','BUCURESTI','BUCURESTI','15327095',NULL,'RO25TREZ7005069XXX001655',NULL,NULL,0,'SOSEAUA FABRICA DE GLUCOZA NR. 21',NULL,NULL,'2025-01-05 16:36:53',NULL),(2268,3,'TEHNOGAS MEDICAL SRL','','BUCURESTI','BUCURESTI','25486420',NULL,'RO68TREZ7005069XXX007962',NULL,NULL,0,'STR. DRUMUL SARII NR. 4C',NULL,NULL,'2025-01-05 16:36:53',NULL),(2269,3,'KASS PLASTIC LINE SRL','','DRAGANU','ARGES','30565538',NULL,'RO83TREZ0465069XXX015648',NULL,NULL,0,'DRAGANU-OLTENI, NR. 31, CAMERA 1',NULL,NULL,'2025-01-05 16:36:53',NULL),(2270,3,'VASICOS CENTER S.R.L.','J03/1730/1994','PITESTI','ARGES','6444320',NULL,'RO34TREZ0465069XXX002077',NULL,NULL,0,'PITESTI',NULL,NULL,'2025-01-05 16:36:53',NULL),(2271,3,'LEMET SRL','','CAMPINA','PRAHOVA','1323280',NULL,'RO51TREZ5215069XXX005592',NULL,NULL,0,'STR. ROMANITEI NR.1',NULL,NULL,'2025-01-05 16:36:53',NULL),(2272,3,'DANTE INTERNATIONAL','','BUCURESTI','BUCURESTI','14399840',NULL,'RO26TREZ7005069XXX001637',NULL,NULL,0,'STR. VIRTUTII, E47',NULL,NULL,'2025-01-05 16:36:53',NULL),(2273,3,'BUNTALOZI 2004 SRL','','PITESTI','ARGES','16986647',NULL,'RO42TREZ0465069XXX004067',NULL,NULL,0,'STR. IONESCU GION, BL.A7, SC.D, PARTER',NULL,NULL,'2025-01-05 16:36:53',NULL),(2274,3,'FLANCO RETAIL SA','','PITESTI','ARGES','27698631',NULL,'RO12TREZ7005069XXX008291',NULL,NULL,0,'STR.C-TIN DOBROGEANU GHEREA NR.1',NULL,NULL,'2025-01-05 16:36:53',NULL),(2275,3,'META VESTIARE SRL','','ARAD','ARAD','32414248',NULL,'RO49TREZ0215069XXX022563',NULL,NULL,0,'STR. POETULUI NR. 93',NULL,NULL,'2025-01-05 16:36:53',NULL),(2276,3,'GCT GENERAL CLIMA THERM SRL','','BUCURESTI','BUCURESTI','13210853',NULL,'RO48TREZ7005069XXX010456',NULL,NULL,0,'STR. SERGENT NICOLAE CULEA, NR. 14',NULL,NULL,'2025-01-05 16:36:53',NULL),(2277,3,'GB SERVICE SRL','','FOCSANI','VRANCEA','1446479',NULL,'RO51TREZ6915069XXX000872',NULL,NULL,0,'STR. 1 DECEMBRIE 1918, NR. 3',NULL,NULL,'2025-01-05 16:36:53',NULL),(2278,3,'E SHIELDING SOLUTION SRL','','PITESTI','ARGES','25456640',NULL,'RO40TREZ0465069XXX011863',NULL,NULL,0,'STR. EPISCOP GRIGORIE LEU, NR. 31B',NULL,NULL,'2025-01-05 16:36:53',NULL),(2279,3,'M&M FRIMAR SRL','','CRAIOVA','DOLJ','15290794',NULL,'RO96TREZ2915069XXX004880',NULL,NULL,0,'B-DUL OLTENIA NR.8, BL. 2, SC.1, AP. 9',NULL,NULL,'2025-01-05 16:36:53',NULL),(2280,3,'MOON COMIMPEX SRL','','TARGOVISTE','DIMBOVITA','9256992',NULL,'RO90TREZ2715069XXX001669',NULL,NULL,0,'STR. CPT. CONSTANTINESCU NR.2, ',NULL,NULL,'2025-01-05 16:36:53',NULL),(2281,3,'VENUS BCLMOB CLASS SRL','','PITESTI','ARGES','26699540',NULL,'RO21TREZ0465069XXX009683',NULL,NULL,0,'STR. GAVANA 2, BL. C14, SC. B, AP. 8',NULL,NULL,'2025-01-05 16:36:53',NULL),(2282,3,'PLURIDET COMEXIM SRL','','BUCURESTI','BUCURESTI','11235533',NULL,'RO37TREZ7005069XXX010848',NULL,NULL,0,'STR. DR. ALEXANDRU LOCUSTEANU NR. 2',NULL,NULL,'2025-01-05 16:36:53',NULL),(2283,3,'ATCON EXIM SRL','','BUCURESTI','BUCURESTI','1585213',NULL,'RO60TREZ7065069XXX004630',NULL,NULL,0,'STR. ALEXANDRU HRISOVERGHI NR. 22, SECT.6',NULL,NULL,'2025-01-05 16:36:53',NULL),(2284,3,'SIDE GRUP SRL','','ARAD','ARAD','15216895',NULL,'RO02TREZ0215069XXX010799',NULL,NULL,0,'STR. FELNAC NR. 1000',NULL,NULL,'2025-01-05 16:36:53',NULL),(2285,3,'KLAUS DISTRIBUTION SRL','','SIBIU','SIBIU','14154620',NULL,'RO68TREZ5765069XXX002167',NULL,NULL,0,'STR ODESA NR. 11',NULL,NULL,'2025-01-05 16:36:53',NULL),(2286,3,'TESLA AUTOMATIC SRL - D','J35/2209/2012','TIMISOARA','TIMIS','30653087',NULL,'RO95TREZ6215069XXX017127',NULL,NULL,0,'TIMISOARA',NULL,NULL,'2025-01-05 16:36:53',NULL),(2287,3,'UNIVERSAL COLOR SA','','PITESTI','ARGES','9449144',NULL,'RO74TREZ0465069XXX002521',NULL,NULL,0,'STR. VICTORIEI NR. 4, BL. A2-A3',NULL,NULL,'2025-01-05 16:36:53',NULL),(2288,3,'WELLMED TRADE SRL','','BUCURESTI','BUCURESTI','32563991',NULL,'RO70TREZ7045069XXX010879',NULL,NULL,0,'SOS OLTENITEI NR. 105 A, SECTOR 4',NULL,NULL,'2025-01-05 16:36:53',NULL),(2289,3,'RODOCAR SRL','','ALEXANDRU CELBUN','NEAMT','24341544',NULL,'RO69TREZ4915069XXX006643',NULL,NULL,0,'STR CUZA  VODA NR. 28, ',NULL,NULL,'2025-01-05 16:36:53',NULL),(2290,3,'ANDRAG REIGOS SRL','','CUCA','ARGES','30048698',NULL,'RO46TREZ0465069XXX013986',NULL,NULL,0,'COM. CUCA, SAT VOINEASA NR. 3',NULL,NULL,'2025-01-05 16:36:53',NULL),(2291,3,'GENA FLAME EXPRES ','J03/435/2009','PITESTI','ARGES','25346728',NULL,'RO87TREZ0465069XXX010338',NULL,NULL,0,'B DUL PETROCHIMISTILOR',NULL,NULL,'2025-01-05 16:36:53',NULL),(2292,3,'ALSTING TIMSERV SRL','','TIMISOARA','TIMIS','12817459',NULL,'RO62TREZ6215069XXX017139',NULL,NULL,0,'INTR. ROMA 1',NULL,NULL,'2025-01-05 16:36:53',NULL),(2293,3,'INSTAL GAZ IMPEX','','PITESTI','ARGES','15075427',NULL,'RO41TREZ0465069XXX004473',NULL,NULL,0,'STR. SFANTA VINERI NR. 57',NULL,NULL,'2025-01-05 16:36:53',NULL),(2294,3,'RAZBIA ZANCOM SRL','J3/1736/2017','PITESTI','ARGES','37920521',NULL,'RO45TREZ0465069XXX015750',NULL,NULL,0,'STR. LIVEZILOR',NULL,NULL,'2025-01-05 16:36:53',NULL),(2295,3,'VARCOM BUSINESS SRL','','BUCURESTI','','5573548',NULL,'RO45TREZ7035069XXX002855',NULL,NULL,0,'INTR. EUFROSINA POPESCU NR.7 SECTOR 3',NULL,NULL,'2025-01-05 16:36:53',NULL),(2296,3,'LUMIDA SRL','','PITESTI','ARGES','136585',NULL,'RO64TREZ0465069XXX000858',NULL,NULL,0,'STR. CRINULUI, NR. 27',NULL,NULL,'2025-01-05 16:36:53',NULL),(2297,3,'FABI TOTAL GRUP','J40/8902/2003','BUCURESTI','BUCURESTI','15556234',NULL,'RO88TREZ7005069XXX005177',NULL,NULL,0,'SOS. BERCENI',NULL,NULL,'2025-01-05 16:36:53',NULL),(2298,3,'ALTEX ROMANIA SRL','','VOLUNTARI','ILFOV','2864518',NULL,'RO67TREZ7005069XXX008077',NULL,NULL,0,'GLOBAL CITY BUSINESS PARK, CORP 01,ET 9',NULL,NULL,'2025-01-05 16:36:53',NULL),(2299,3,'ALPHA BRIO MEDICAL SRL','','BUCURESTI','BUCURESTI','15788340',NULL,'RO18TREZ7005069XXX008183',NULL,NULL,0,'STR. FOISORULUI NR.146, SECTOR 3',NULL,NULL,'2025-01-05 16:36:53',NULL),(2300,3,'CLEAN OIL','','TIMISOARA','TIMIS','26848293',NULL,'RO35TREZ6215069XXX019177',NULL,NULL,0,'CALEA ARADULUI NR. 48',NULL,NULL,'2025-01-05 16:36:53',NULL),(2301,3,'HEALTH MEDICAL GRUP SRL','','BUCURESTI','BUCURESTI','16962613',NULL,'RO95TREZ7025069XXX005509',NULL,NULL,0,'STR. LT. VICTOR MANU NR. 44, BL. G1',NULL,NULL,'2025-01-05 16:36:53',NULL),(2302,3,'ROTAKT SRL','','RAMNICU VALCEA ','VILCEA','6334441',NULL,'RO47TREZ6715069XXX001505',NULL,NULL,0,'Bd. Nicolae Balcescu nr.71',NULL,NULL,'2025-01-05 16:36:53',NULL),(2303,3,'MONTE BIANCO ROMANIA SRL','','PITESTI','ARGES','15964330',NULL,'RO13TREZ0465069XXX001388',NULL,NULL,0,'STR. CRAIOVEI NR. 128',NULL,NULL,'2025-01-05 16:36:53',NULL),(2304,3,'ECO SERV GRUP SRL','','BUCURESTI','BUCURESTI','15518222',NULL,'RO85TREZ7055069XXX001138',NULL,NULL,0,'STR. DUMBRAVA NOUA NR.3',NULL,NULL,'2025-01-05 16:36:53',NULL),(2305,3,'SPIDER HOLDING SRL','','BRADU','ARGES','10553946',NULL,'RO03TREZ0465069XXX000404',NULL,NULL,0,'SAT GEAMANA, COM. BRADU, STR. PRINCIPALA NR. 240',NULL,NULL,'2025-01-05 16:36:53',NULL),(2306,3,'SDS GROUP SRL','','BUCURESTI','BUCURESTI','6980299',NULL,'RO42TREZ7005069XXX003095',NULL,NULL,0,'SOSEAUA STRAULESTI NR. 166, SECTOR 1',NULL,NULL,'2025-01-05 16:36:53',NULL),(2307,3,'IMOBILCAD PROIECT SRL','','PITESTI','ARGES','36043673',NULL,'RO36TREZ0465069XXX015427',NULL,NULL,0,'STR. TEILOR NR.32 ',NULL,NULL,'2025-01-05 16:36:53',NULL),(2308,3,'OPTIMARI INDUSTRY SRL','','PITESTI','ARGES','36954879',NULL,'RO49TREZ0465069XXX016551',NULL,NULL,0,'STR. BANAT NR. 16',NULL,NULL,'2025-01-05 16:36:53',NULL),(2309,3,'DNS BIROTICA SRL','','BUCURESTI','BUCURESTI','16310679',NULL,'RO15TREZ7005069XXX002708',NULL,NULL,0,'STR. POGOANELOR NR.147, SECTOR 4',NULL,NULL,'2025-01-05 16:36:53',NULL),(2310,3,'U.M. 02497 PITESTI','','PITESTI','ARGES','4318016',NULL,'RO07TREZ23F660601203030X',NULL,NULL,0,'STR. NEGRU VODA NR.47',NULL,NULL,'2025-01-05 16:36:53',NULL),(2311,3,'TEHNICAL DENT SRL','','BRAILA','BRAILA','11758273',NULL,'RO23TREZ1515069XXX002458',NULL,NULL,0,'STR. HIPODROM NR. 3, BL. G3, AP. 54',NULL,NULL,'2025-01-05 16:36:53',NULL),(2312,3,'HYGIENIX SYSTEMS SRL','','CLUJ NAPOCA','CLUJ','29612741',NULL,'RO46TREZ2165069XXX027017',NULL,NULL,0,'STR. GHEORGHE ASACHI NR. 19',NULL,NULL,'2025-01-05 16:36:53',NULL),(2313,3,'REINIGUNG SRL','','BRASOV','BRASOV','38552070',NULL,'RO91TREZ1315069XXX018867',NULL,NULL,0,'STR. PLUGARILOR NR. 3e, ',NULL,NULL,'2025-01-05 16:36:53',NULL),(2314,3,'MARTIN ELECTRIC SRL','','PITESTI','ARGES','7549163',NULL,'RO81TREZ0465069XXX002298',NULL,NULL,0,'STR. CALEA BUCURESTI, NR. 24, BL.35/C/11',NULL,NULL,'2025-01-05 16:36:53',NULL),(2315,3,'OLYu201dS CENTER PROIECT SRL','','PITESTI','ARGES','18400824',NULL,'RO59TREZ0465069XXX005119',NULL,NULL,0,'STR. MAIOR GH SONTU, BL. D4, PARTER',NULL,NULL,'2025-01-05 16:36:53',NULL),(2316,3,'OLYu201dS CENTER PROIECT SRL','','PITESTI','ARGES','18400824',NULL,'RO59TREZ0465069XXX005119',NULL,NULL,0,'STR. MAIOR GH SONTU, BL. D4, PARTER',NULL,NULL,'2025-01-05 16:36:53',NULL),(2317,3,'ELKOPLAST ROMANIA SRL','','GIROC','TIMIS','21694681',NULL,'RO20TREZ6215069XXX008583',NULL,NULL,0,'STR. MERCUR, NR. 17',NULL,NULL,'2025-01-05 16:36:53',NULL),(2318,3,'OVAVINCI SRL','','SUCEAVA','SUCEAVA','31886668',NULL,'RO97TREZ5915069XXX007117',NULL,NULL,0,'STR. PRUNULUI, NR. 5',NULL,NULL,'2025-01-05 16:36:53',NULL),(2319,3,'DISTRIBUTIE ENERGIE OLTENIA SA','','CRAIOVA','DOLJ','14491102',NULL,'RO71TREZ2915069XXX001159',NULL,NULL,0,'STR CALEA SEVERINULUI NR.97, P,2,3,4',NULL,NULL,'2025-01-05 16:36:53',NULL),(2320,3,'RNP ROMSILVA DS ARGES OCOL SILVIC PITESTI','','PITESTI','ARGES','1590120',NULL,'RO63TREZ0465069XXX000585',NULL,NULL,0,'STR. TRIVALE, NR. 84',NULL,NULL,'2025-01-05 16:36:53',NULL),(2321,3,'BILANCIA EXIM SRL','','CRAIOVA','DOLJ','3968479',NULL,'RO28TREZ7005069XXX001310',NULL,NULL,0,'STR. FELIX ADERCA NR. 3',NULL,NULL,'2025-01-05 16:36:53',NULL),(2322,3,'NICK-ALEX MOB SRL','','CONSTANTA','CONSTANTA','31522721',NULL,'RO30TREZ2315069XXX023174',NULL,NULL,0,'B-DUL TOMIS NR. 265',NULL,NULL,'2025-01-05 16:36:53',NULL),(2323,3,'CLINICA DE CURATENIE SRL','','PITESTI','ARGES','35954161',NULL,'RO80TREZ0465069XXX015120',NULL,NULL,0,'STR. COSTACHE NEGRI, NR. 30',NULL,NULL,'2025-01-05 16:36:53',NULL),(2324,3,'ROM AUTOMATIZARE SRL','','BUFTEA','ILFOV','10667134',NULL,'RO39TREZ4225069XXX000112',NULL,NULL,0,'STR. 23 AUGUST, NR. 03',NULL,NULL,'2025-01-05 16:36:53',NULL),(2325,3,'CASA DE COMERT DONA SRL','','BUCURESTI','BUCURESTI','25870764',NULL,'RO93TREZ7015069XXX010651',NULL,NULL,0,'STR. GENERAL DONA NR. 20, SECTOR 1',NULL,NULL,'2025-01-05 16:36:53',NULL),(2326,3,'SANINSTAL GENERAL SRL','','PITESTI','ARGES','14223215',NULL,'RO95TREZ0465069XXX012813',NULL,NULL,0,'B-DUL REPUBLICII NR.158',NULL,NULL,'2025-01-05 16:36:53',NULL),(2327,3,'CIPROM MASTER SRL','','BAICULESTI NR. 187','ARGES','25488668',NULL,'RO79TREZ0465069XXX016302',NULL,NULL,0,'SAT MANICESTI',NULL,NULL,'2025-01-05 16:36:53',NULL),(2328,3,'CRISTINA S SHOP ING SRL','','PITESTI','ARGES','41304740',NULL,'RO46TREZ0465069XXX016896',NULL,NULL,0,'B-DUL FRATII GOLESTI NR. 65, BL. S7B, PARTER',NULL,NULL,'2025-01-05 16:36:53',NULL),(2329,3,'HOMELUX SRL','','CONSTANTA','CONSTANTA','39043279',NULL,'RO12TREZ2315069XXX030385',NULL,NULL,0,'BD. AUREL VLAICU NR.125, CAMERA 9',NULL,NULL,'2025-01-05 16:36:53',NULL),(2330,3,'QMOBILI SRL','','IASI','ARGES','27963649',NULL,'RO44TREZ4065069XXX017407',NULL,NULL,0,'STR. SOS. PACURARI NR. 131-131A, TR. 2, SP3,',NULL,NULL,'2025-01-05 16:36:53',NULL),(2331,3,'CASA PERFECTA EURODECOR SRL','','Pitesti','','22503879',NULL,'RO25TREZ0465069XXX008641',NULL,NULL,0,'aRGES',NULL,NULL,'2025-01-05 16:36:53',NULL),(2332,3,'KORANDI FARM SRL','','BUCURESTI','BUCURESTI','33078456',NULL,'RO30TREZ7065069XXX014482',NULL,NULL,0,'VALEA ARGESULUI NR. 3',NULL,NULL,'2025-01-05 16:36:53',NULL),(2333,3,'METALOBOX ROM-SUD SRL','','SFANTU GHERGHE','COVASNA','24186955',NULL,'RO71TREZ2565069XXX004105',NULL,NULL,0,'STR. PARAULUI NR. 6',NULL,NULL,'2025-01-05 16:36:53',NULL),(2334,3,'INELCO MON IMPEX SRL','','PITESTI','ARGES','5190461',NULL,'RO50TREZ0465069XXX001886',NULL,NULL,0,'STR. POPA SAPCA, BL. P6, SC.B, AP.1',NULL,NULL,'2025-01-05 16:36:53',NULL),(2335,3,'MIWA LOTUS SRL','','SCORNICESTI','ARGES','40443767',NULL,'RO78TREZ5065069XXX012050',NULL,NULL,0,'STR. BIRCII, NR. 242',NULL,NULL,'2025-01-05 16:36:53',NULL),(2336,3,'POP INDUSTRY SRL','','SLATINA','OLT','6759221',NULL,'RO02TREZ5065069XXX000614',NULL,NULL,0,'STR. CIREASOV, NR. 12',NULL,NULL,'2025-01-05 16:36:53',NULL),(2337,3,'GE HEALTHCARE SRL','','BUCURESTI','BUCURESTI','12924986',NULL,'RO04TREZ7005069XXX002033',NULL,NULL,0,'STR. BARBU VACARESCU 301-311, ETAJ 3, SECTOR 2',NULL,NULL,'2025-01-05 16:36:53',NULL),(2338,3,'PROCONSTRUCTO TOP SERVICES GROUP SRL','','BUCURESTI','BUCURESTI','34774030',NULL,'RO60TREZ7035069XXX019172',NULL,NULL,0,'STR. DRUMEAGULUI NR. 10, SECTOR 3',NULL,NULL,'2025-01-05 16:36:53',NULL),(2339,3,'MARLYD MEDICAL DEVICES SRL','','BUCURESTI','BUCURESTI','32835700',NULL,'RO81TREZ4215069XXX008342',NULL,NULL,0,'STR. SICA ALEXANDRESCU NR. 10, SECTOR 2',NULL,NULL,'2025-01-05 16:36:53',NULL),(2340,3,'HIDRO-ARGES SRL','','PITESTI','ARGES','137220',NULL,'RO36TREZ0465069XXX000877',NULL,NULL,0,'STR. OBOR NR. 2',NULL,NULL,'2025-01-05 16:36:53',NULL),(2341,3,'DISTRIGAZ SUD RETELE SRL','','BUCURESTI','BUCURESTI','23308833',NULL,'RO51TREZ7005069XXX002060',NULL,NULL,0,'MARASESTI 4-6, CORP B',NULL,NULL,'2025-01-05 16:36:53',NULL),(2342,3,'TIC TON IMPEX SRL','','PITESTI','ARGES','3336413',NULL,'RO09TREZ0465069XXX003885',NULL,NULL,0,'STR. DEPOZITELOR NR. 7',NULL,NULL,'2025-01-05 16:36:53',NULL),(2343,3,'GAAN COM 94 SRL','','BUCURESTI','BUCURESTI','6243769',NULL,'RO85TREZ7045069XXX005468',NULL,NULL,0,'SOS. OLTENITEI NR. 55, BL.2, SC.4, AP. 133',NULL,NULL,'2025-01-05 16:36:53',NULL),(2344,3,'NEOLOGIS MEDICAL SRL','','TIMIOSOARA','TIMIS','25878199',NULL,'RO24TREZ6215069XXX015786',NULL,NULL,0,'B-DUL LIVIU REBREANU',NULL,NULL,'2025-01-05 16:36:53',NULL),(2345,3,'RODI GEDALI SRL','','PITESTI','ARGES','18870346',NULL,'RO13TREZ0465069XXX012640',NULL,NULL,0,'STR. GIRLEI, BL. D3, PARTER',NULL,NULL,'2025-01-05 16:36:53',NULL),(2346,3,'PHOENIX ART SRL','','BRASOV','BRASOV','30195559',NULL,'RO46TREZ1315069XXX014148',NULL,NULL,0,'STR. CALEA FELDIOAREI NR. 29B',NULL,NULL,'2025-01-05 16:36:53',NULL),(2347,3,'HV SHIELDING SRL','','BUCURESTI','BUCURESTI','18746098',NULL,'RO50TREZ7005069XXX008092',NULL,NULL,0,'STR. CIRESOAIA NR. 21 BIS, SECTOR 1',NULL,NULL,'2025-01-05 16:36:53',NULL),(2348,3,'SALAMANDRA MODUL AG SRL','','BUCURESTI','BUCURESTI','27399362',NULL,'RO07TREZ7025069XXX014368',NULL,NULL,0,'STR. LIZEANU NR.39, ET. 1, AP. 1, SECTOR 2',NULL,NULL,'2025-01-05 16:36:53',NULL),(2349,3,'CATYON GROUP ALIMAR SRL','','PITESTI','ARGES','10983170',NULL,'RO82TREZ0465069XXX000437',NULL,NULL,0,'STR. GAVENII NR. 30',NULL,NULL,'2025-01-05 16:36:53',NULL),(2350,3,'IPCT STRUCTURI SRL','','BUCURESTI','BUCURESTI','15466735',NULL,'RO17TREZ7025069XXX001869',NULL,NULL,0,'STR. PANCOTA NR. 9, BL 11N, SC4, ET. 1, AP. 96',NULL,NULL,'2025-01-05 16:36:53',NULL),(2351,3,'ALPROM SA','','PITESTI','ARGES','129227',NULL,'RO81TREZ0465069XXX000649',NULL,NULL,0,'STR DOBROGEANU GHEREA, NR. 2-4',NULL,NULL,'2025-01-05 16:36:53',NULL),(2352,3,'BAZ INSTAL EUROTOP SRL','','PITESTI','ARGES','31462778',NULL,'RO49TREZ0465069XXX013350',NULL,NULL,0,'STR. NICOLAE BALCESCU NR. 78',NULL,NULL,'2025-01-05 16:36:53',NULL),(2353,3,'VESTA INVESTMENT SRL','','BUCURESTI','BUCURESTI','5891142',NULL,'RO81TREZ4215069XXX001358',NULL,NULL,0,'CALEA BUCURESTILOR NR. 1',NULL,NULL,'2025-01-05 16:36:53',NULL),(2354,3,'EMESCA CONCEPT','','BUCURESTI','BUCURESTI','40959556',NULL,'RO19TREZ7065069XXX017105',NULL,NULL,0,'SPL.  INDEPENDENTEI 273, CORP 3, ETAJ 3',NULL,NULL,'2025-01-05 16:36:53',NULL),(2355,3,'ROINTERMED OFFICE SRL','','GALATI','GALATI','25582974',NULL,'RO67TREZ3065069XXX011553',NULL,NULL,0,'STR. ALBATROSULUI NR. 1,BL. M, AP. 8',NULL,NULL,'2025-01-05 16:36:53',NULL),(2356,3,'CAROLINE COM SRL','','PITESTI','ARGES','11619640',NULL,'RO03TREZ0465069XXX000501',NULL,NULL,0,'STR. SMEUREI NR.58',NULL,NULL,'2025-01-05 16:36:53',NULL),(2357,3,'MOBLUX-STRADAL SRL','','SLATINA','OLT','43052992',NULL,'RO82TREZ5065069XXX012560',NULL,NULL,0,'STR. TIRGULUI, NR. 16, CAMERA 2',NULL,NULL,'2025-01-05 16:36:53',NULL),(2358,3,'ROLLDESIGN PITESTI SRL','','ALBOTA','ARGES','15301117',NULL,'RO86TREZ0465069XXX004439',NULL,NULL,0,'STR. DRUMUL DN 65B 471',NULL,NULL,'2025-01-05 16:36:53',NULL),(2359,3,'WUNDER HAFF SRL','','BUCURESTI','BUCURESTI','27018590',NULL,'RO75TREZ7005069XXX011037',NULL,NULL,0,'B-DUL GHEORGHE SINCAI NR. 13, BL. 5, AP. 1',NULL,NULL,'2025-01-05 16:36:53',NULL),(2360,3,'JANNOCK SRL','','STEFANESTI','ARGES','35786149',NULL,'RO41TREZ0465069XXX016404',NULL,NULL,0,'STR. CALEA BUCURESTI, NR. 41 B',NULL,NULL,'2025-01-05 16:36:53',NULL),(2361,3,'INALDA SRL','','PITESTI','ARGES','8623438',NULL,'RO10TREZ0465069XXX002412',NULL,NULL,0,'STR. BANATULUI, NR. 15, BL. B3, SC. A, PARTER',NULL,NULL,'2025-01-05 16:36:53',NULL),(2362,3,'CABI MOBILA PAL SRL','','BASCOV','ARGES','27455861',NULL,'RO81TREZ0465069XXX011998',NULL,NULL,0,'STR. SERELOR, NR. 48B',NULL,NULL,'2025-01-05 16:36:53',NULL),(2363,3,'DELTA TERMO CONSTRUCT 1999 SRL','','PITESTI','ARGES','16297707',NULL,'RO11TREZ0465069XXX003946',NULL,NULL,0,'',NULL,NULL,'2025-01-05 16:36:53',NULL),(2364,3,'EMOB DESIGN RO SRL','','CONSTANTA','CONSTANTA','31118287',NULL,'RO19TREZ2315069XXX022693',NULL,NULL,0,'STR. CELULOZEI NR. 1',NULL,NULL,'2025-01-05 16:36:53',NULL),(2365,3,'DESIGN EAGLE SRL','','PITESTI','ARGES','14324694',NULL,'RO20TREZ0465069XXX001068',NULL,NULL,0,'STR. VICTORIEI, BL. A2, ET. 1, AP. 3',NULL,NULL,'2025-01-05 16:36:53',NULL),(2366,3,'VIR COM EM SRL','','BUCURESTI','BUCURESTI','7010885',NULL,'RO74TREZ7035069XXX003303',NULL,NULL,0,'SPLAIUL UNIRII NR. 191, SECTOR 3',NULL,NULL,'2025-01-05 16:36:53',NULL),(2367,3,'ARLI CO SRL','','BUCURESTI','BUCURESTI','385586',NULL,'RO84TREZ7005069XXX011166',NULL,NULL,0,'STR. VLAICU VODA NR. 17, BL. V 43,SC. 3, ET. 4',NULL,NULL,'2025-01-05 16:36:53',NULL),(2368,3,'NETWORK MEDICAL SRL','','BUCURESTI','BUCURESTI','21434045',NULL,'RO92TREZ7025069XXX007988',NULL,NULL,0,'STR. BAICULUI NR. 80, SECTOR 2',NULL,NULL,'2025-01-05 16:36:53',NULL),(2369,3,'MGC GARDEN STORE SRL','','BASCOV','ARGES','42871662',NULL,'RO95TREZ0465069XXX017663',NULL,NULL,0,'STR. SCHIAU, NR. 38 A',NULL,NULL,'2025-01-05 16:36:53',NULL),(2370,3,'ALL SPECIAL METAL SRL','','STEFANESTI','ARGES','42500230',NULL,'RO34TREZ0465069XXX017694',NULL,NULL,0,'CALEA  BUCURESTI , 161B,',NULL,NULL,'2025-01-05 16:36:53',NULL),(2371,3,'M&D RETAIL PITESTI SRL','','BRADU','ARGES','22260419',NULL,'RO61TREZ7005069XXX007603',NULL,NULL,0,'DN 65B KM. 6',NULL,NULL,'2025-01-05 16:36:53',NULL),(2372,3,'STRATTON POWER EXTENDED SRL','','BUCURESTI','BUCURESTI','42578060',NULL,'RO03TREZ7045069XXX014316',NULL,NULL,0,'STR. TURNU MAGURELE, NR. 240-242BL.1, ET.11, SECT.',NULL,NULL,'2025-01-05 16:36:53',NULL),(2373,3,'PROMO ITEMS EUROPE SRL','','STEFANESTI','ARGES','37956096',NULL,'RO18TREZ0465069XXX017691',NULL,NULL,0,'STR. CAVALERULUI NR.32',NULL,NULL,'2025-01-05 16:36:53',NULL),(2374,3,'AEROKLIMA SRL','','DOBRENI','NEAMT','15388858',NULL,'RO44TREZ4915069XXX015532',NULL,NULL,0,'STR. SCOLII NR.89 B',NULL,NULL,'2025-01-05 16:36:53',NULL),(2375,3,'BILBORAIN CONSTRUCT SRL','','CALINESTI','ARGES','39354259',NULL,'RO49TREZ0515069XXX001400',NULL,NULL,0,'CALINESTI NR. 280D',NULL,NULL,'2025-01-05 16:36:53',NULL),(2376,3,'ROMANTIC HOME SRL','','BUCURESTI','BUCURESTI','38254928',NULL,'RO10TREZ7025069XXX022462',NULL,NULL,0,'STR. HERTA  NR. 7, SECTOR 2',NULL,NULL,'2025-01-05 16:36:53',NULL),(2377,3,'TREND FURNITURE SRL','','GILAU','CLUJ','15814422',NULL,'RO55TREZ2165069XXX023266',NULL,NULL,0,'STR. BRANISTE NR. 25B',NULL,NULL,'2025-01-05 16:36:53',NULL),(2378,3,'CLEMANS SRL','','BASCOV','ARGES','130744',NULL,'RO19TREZ0465069XXX000698',NULL,NULL,0,'STR. MIERLUSESTI, NR. 18',NULL,NULL,'2025-01-05 16:36:53',NULL),(2379,3,'MOBPLAYERS BUSINESS SRL','','BUCURESTI','BUCURESTI','34030405',NULL,'RO68TREZ7045069XXX012176',NULL,NULL,0,'B-DUL ALEXANDRU OBREGIA NR. 4',NULL,NULL,'2025-01-05 16:36:53',NULL),(2380,3,'EYECON MEDICAL SRL','','BUCURESTI','BUCURESTI','14923065',NULL,'RO51TREZ7005069XXX005746',NULL,NULL,0,'STR. PAJUREI, NR. 26, BL. 24, ET. 2, AP. 19, SECTO',NULL,NULL,'2025-01-05 16:36:53',NULL),(2381,3,'DAF MEDICAL STORE SRL','','ADUNATII-COPACENI','GIURGIU','34939813',NULL,'RO38TREZ3235069XXX000933',NULL,NULL,0,'STR. LUNCA ARGESULUI NR. 54',NULL,NULL,'2025-01-05 16:36:53',NULL),(2382,3,'MESSER ROMANIA GAZ','','BUCURESTI','BUCURESTI','10547308',NULL,'RO67TREZ7005069XXX001966',NULL,NULL,0,'DRUMUL INTRE TARLALE 102-112',NULL,NULL,'2025-01-05 16:36:53',NULL),(2383,3,'NEW MOB EXPANSION SRL','','BAICULESTI','ARGES','29328333',NULL,'RO44TREZ0485069XXX003519',NULL,NULL,0,'STR. PRINCIPALA NR. 1',NULL,NULL,'2025-01-05 16:36:53',NULL),(2384,3,'CONDEP SRL','','ONESTI','BACAU','14009425',NULL,'RO21TREZ0625069XXX000252',NULL,NULL,0,'STR. REPUBLICII NR. 66',NULL,NULL,'2025-01-05 16:36:53',NULL),(2385,3,'INSECO SRL','','RM. VALCEA','VILCEA','1487193',NULL,'RO59TREZ6715069XXX000901',NULL,NULL,0,'STR. COPACELU, NR. 211A',NULL,NULL,'2025-01-05 16:36:53',NULL),(2386,3,'CLIMA TRADE HVAC SRL','','ORADEA ','BIHOR','17874714',NULL,'RO67TREZ0765069XXX011360',NULL,NULL,0,'SOS. BORSULUI NR. 38 K',NULL,NULL,'2025-01-05 16:36:53',NULL),(2387,3,'CES TOP INSTAL SRL','','BRADU','ARGES','23412701',NULL,'RO58TREZ0465069XXX006980',NULL,NULL,0,'STR. PETROCHIMISTILOR NR. 22',NULL,NULL,'2025-01-05 16:36:53',NULL),(2388,3,'EXPERT ENERGY CONSULT SRL','','BUCURESTI','BUCURESTI','29812880',NULL,'RO85TREZ7015069XXX020592',NULL,NULL,0,'STR. AV JEAN TEXIER NR.3, ET. 3, AP 4, CAM 6',NULL,NULL,'2025-01-05 16:36:53',NULL),(2389,3,'DHARMA CONSTRUCT SRL','','BUCURESTI, SECTOR 6','BUCURESTI','10716130',NULL,'RO52TREZ7065069XXX006617',NULL,NULL,0,'STR. VALEA IALOMITEI, NR. 4, BL. C11, AP. 45',NULL,NULL,'2025-01-05 16:36:53',NULL),(2390,3,'FAN PIESE AUTO SRL','','PITESTI','ARGES','39753241',NULL,'RO66TREZ0465069XXX016439',NULL,NULL,0,'BLD. FRATII GOLESTI, BL. S6, SC. A, PARTER',NULL,NULL,'2025-01-05 16:36:53',NULL),(2391,3,'CASA IDEEA GROUP SRL','','CONSTANTA','CONSTANTA','34647088',NULL,'RO81TREZ2315069XXX028852',NULL,NULL,0,'SOS INDUSTRIALA  NR. 6',NULL,NULL,'2025-01-05 16:36:53',NULL),(2392,3,'SDS CENTRUL DE SERVICE SRL','','OTOPENI','ILFOV','23960119',NULL,'RO29TREZ4215069XXX017426',NULL,NULL,0,'STR. FERME A NR. 26, MANSARDA',NULL,NULL,'2025-01-05 16:36:53',NULL),(2393,3,'TEHNOCONS EUROEXPERT CND SRL','','PITESTI','ARGES','26438021',NULL,'RO19TREZ0465069XXX008458',NULL,NULL,0,'STR. CALEA CRAIOVEI, NR. 119, BL. 19, SC. D',NULL,NULL,'2025-01-05 16:36:53',NULL),(2394,3,'JUST INOX SRL','','BUCURESTI','BUCURESTI','43175723',NULL,'RO45TREZ7025069XXX022705',NULL,NULL,0,'SOSEAUA COLENTINA NR. 430',NULL,NULL,'2025-01-05 16:36:53',NULL),(2395,3,'EXPERT CLEANING & CONSULTING SRL','','BUCURESTI','BUCURESTI','29231666',NULL,'RO97TREZ7025069XXX015076',NULL,NULL,0,'STR. SLT DIMA CRISTESCU, NR. 3, SECTOR 2',NULL,NULL,'2025-01-05 16:36:53',NULL),(2396,3,'OLMA MARKET INDUSTRY','','STEFANESTI','ARGES','18654415',NULL,'RO41TREZ0465069XXX006219',NULL,NULL,0,'STR. COASTA CAMPULUI NR. 4, BL. 1, SC. A',NULL,NULL,'2025-01-05 16:36:53',NULL),(2397,3,'JUST TOP OFFICE ','','POPESTI LEORDENI','ARGES','44958081',NULL,'RO38TREZ4215069XXX017070',NULL,NULL,0,'SOSEAUA OLTENITEI NR. 17k',NULL,NULL,'2025-01-05 16:36:53',NULL),(2398,3,'MEDAZ LIFE CONSUM','','CERNICA','ILFOV','37624364',NULL,'RO48TREZ7035069XXX020455',NULL,NULL,0,'STR.OXIGENULUI NR 4 A',NULL,NULL,'2025-01-05 16:36:53',NULL),(2399,3,'OFFICE MORE SRL','','BUCURESTI','BUCURESTI','18560868',NULL,'RO82TREZ7055069XXX003811',NULL,NULL,0,'STR. IOVITA, NR. 8, BL. P13, AP. 15, SECTOR 3',NULL,NULL,'2025-01-05 16:36:53',NULL),(2400,3,'TIK MEDIA  SOLUTIONS','','BUCURESTI','BUCURESTI','31094773',NULL,'RO26TREZ7055069XXX009475',NULL,NULL,0,'STR. TELITA , NR. 4, SECTOR 5',NULL,NULL,'2025-01-05 16:36:53',NULL),(2401,3,'MIRALEX CONSTRUCT DESIGN','','Pitesti','ARGES','18952306',NULL,'RO53TREZ0465069XXX005809',NULL,NULL,0,'Str. NICOLAE BALCESCU NR. 4BL.L2 SC.B AP.42',NULL,NULL,'2025-01-05 16:36:53',NULL),(2402,3,'INFO TRUST ','','BARLAD ','VASLUI','16370727',NULL,'RO96TREZ6565069XXX007373',NULL,NULL,0,'STR. SUCEAVA NR. 8',NULL,NULL,'2025-01-05 16:36:53',NULL),(2403,3,'ELF AUTO COM SERVICE ','','PITESTI','ARGES','24588332',NULL,'RO44TREZ0465069XXX008396',NULL,NULL,0,'STR. DEPOZITELOR, NR. 56BP.L STR. GEORGE COSBUC',NULL,NULL,'2025-01-05 16:36:53',NULL),(2404,3,'IMUNOHEATH EXPERT','','BUCURESTI','BUCURESTI','46915516',NULL,'RO62TREZ7035069XXX022822',NULL,NULL,0,'ALEEA FETESTI, NR. 11-15, BL. F1, SC. D, ET 2, AP.',NULL,NULL,'2025-01-05 16:36:53',NULL),(2405,3,'ZETMAN KRAFT','','ARAD','ARAD','33028695',NULL,'RO50TREZ0215069XXX024388',NULL,NULL,0,'STR. PROF. DR. AUREL ARDELEAN NR. 2-4, SC. A, AP. ',NULL,NULL,'2025-01-05 16:36:53',NULL),(2406,3,'ATLAS MEDICAL','','Targu Mures','MURES','42958255',NULL,'RO85TREZ4765069XXX018828',NULL,NULL,0,'STR. Voinicenilor nr 62 ',NULL,NULL,'2025-01-05 16:36:53',NULL),(2407,3,'ELECTRICA FURNIZARE','','BUCURESTI','BUCURESTI','28909028',NULL,'RO04TREZ7005069XXX006495',NULL,NULL,0,'SOSEAUA STEFAN CEL MARE NR. 1A, 011736, SECTOR 1',NULL,NULL,'2025-01-05 16:36:53',NULL),(2408,3,'DOCTORZET DISTRIBUTION','','','ARAD','38182449',NULL,'RO64TREZ0215069XXX024912',NULL,NULL,0,'',NULL,NULL,'2025-01-05 16:36:53',NULL),(2409,3,'PLASTIC PREST','','PITESTI','ARGES','25233680',NULL,'RO61TREZ0495069XXX014888',NULL,NULL,0,'CALEA CAMPULUNG NR. 5G',NULL,NULL,'2025-01-05 16:36:53',NULL),(2410,3,'SUPER BALL','','ORTISOARA','TIMIS','16992274',NULL,'RO39TREZ6215069XXX013770',NULL,NULL,0,'ORTISOARA NR. 282 B',NULL,NULL,'2025-01-05 16:36:53',NULL),(2411,3,'CWS BOCO ROMANIA','','','ILFOV','8201379',NULL,'RO69TREZ7005069XXX016577',NULL,NULL,0,'STR. Emil Racovita, nr 13, Oras Voluntari',NULL,NULL,'2025-01-05 16:36:53',NULL),(2412,3,'DESIGN CONSTRUCT INDUSTRIAL','','STEFANESTI','ARGES','39895963',NULL,'RO37TREZ0465069XXX019580',NULL,NULL,0,'STR. CALEA BUCURESTI NR. 105',NULL,NULL,'2025-01-05 16:36:53',NULL),(2413,3,'CORANIU SPEED CMI','','Pitesti','ARGES','30301439',NULL,'RO80TREZ0465069XXX019679',NULL,NULL,0,'STR. Exercitiu nr 117 bl 30 sc A ap 7',NULL,NULL,'2025-01-05 16:36:53',NULL),(2414,3,'BELFIX DISTRIBUTIE','','VOLUNTARI','ILFOV','33000856',NULL,'RO35TREZ4215069XXX010140',NULL,NULL,0,'STR. MIRCEA ELIADE NR. 16',NULL,NULL,'2025-01-05 16:36:53',NULL),(2415,3,'AD PRESS PUBLICITY','','CRAIOVA','DOLJ','40247191',NULL,'RO25TREZ5075069XXX005570',NULL,NULL,0,'STR. Dezrobirii nr 1B et 1 cam 1',NULL,NULL,'2025-01-05 16:36:53',NULL),(2416,3,'BRIO CLASS SRL','','PITESTI','ARGES','23266037',NULL,'RO07TREZ0465069XXX019247',NULL,NULL,0,'STR. B-DUL REPUBLICII NR 1',NULL,NULL,'2025-01-05 16:36:53',NULL),(2417,3,'MONITORUL OFICIAL R.A.','','BUCURESTI','BUCURESTI','427282',NULL,'RO12TREZ7005069XXX000531',NULL,NULL,0,'STR. PARCULUI NR. 65, SECTOR 1',NULL,NULL,'2025-01-05 16:36:53',NULL),(2418,3,'ERP MANAGEMENT ','','BUCURESTI','BUCURESTI','42109748',NULL,'RO53TREZ7005069XXX015507',NULL,NULL,0,'STR. DOMNITA RUXANDRA NR. 12, SECTOR 2',NULL,NULL,'2025-01-05 16:36:53',NULL),(2419,3,'MOUTARDI SRL','','Pecinisca','CARAS-SEVERIN','18215584',NULL,'RO61TREZ1825069XXX002665',NULL,NULL,0,'str TRANDAFIRILOR, nr 11, sc C ap 1',NULL,NULL,'2025-01-05 16:36:53',NULL),(2420,3,'PERLA ECO CLIN SRL','','','BUCURESTI','30799679',NULL,'RO79TREZ7045069XXX014597',NULL,NULL,0,'B-dul Marasesti , nr 34, Parter, ap. 3 sector4',NULL,NULL,'2025-01-05 16:36:53',NULL),(2421,3,'ORION GOLDEN','','PITESTI','ARGES','15829130',NULL,'RO46TREZ0465069XXX001376',NULL,NULL,0,'STR. MITROPOLIT ANTIMIVIREANU, NR. 19, BL G5',NULL,NULL,'2025-01-05 16:36:53',NULL),(2422,3,'ALTESSE CONCEPT STORE','','PITESTI','ARGES','37262914',NULL,'RO30TREZ0465069XXX015923',NULL,NULL,0,'Cal. CRAIOVEI, NR. 48 ET. PARTER',NULL,NULL,'2025-01-05 16:36:53',NULL),(2423,3,'OPREA-BARAC M. LUMINITA-TATIANA','','PITESTI','ARGES','19777610',NULL,'RO25RNCB0022047076410001',NULL,NULL,0,'STR. MAIOR GHEORGHE SONTU NR. 2, BL. D6, ET. 1',NULL,NULL,'2025-01-05 16:36:53',NULL),(2424,3,'FOR OFFICE','','ALEXANDRIA','TELEORMAN','33947443',NULL,'RO51TREZ6065069XXX007403',NULL,NULL,0,'STR. MIHAIL KOGALNICEANU NR. 7-9',NULL,NULL,'2025-01-05 16:36:53',NULL),(2425,3,'M&S VIAMOND','','SECTOR 3','BUCURESTI','6193873',NULL,'RO52TREZ7035069XXX003020',NULL,NULL,0,'SOS. DUDESTI PANTELIMON NR. 42',NULL,NULL,'2025-01-05 16:36:53',NULL),(2426,3,'TOP OFFICE INTERNATIONAL','','','BUCURESTI','16456063',NULL,'RO35TREZ7055069XXX012029',NULL,NULL,0,'SECT 5, SERG. NUTU ION 37, BL C1 ap2',NULL,NULL,'2025-01-05 16:36:53',NULL),(2427,3,'SUPPLIER AKT','','TARGU MURES','MURES','31410248',NULL,'RO64TREZ4765069XXX013968',NULL,NULL,0,'STR. MURESENI, NR 50',NULL,NULL,'2025-01-05 16:36:53',NULL),(2428,3,'ROMCOST SAFE','','BRADU','ARGES','34413214',NULL,'RO35TREZ0465069XXX014766',NULL,NULL,0,'STR. PRINCIPALA , NR. 368B',NULL,NULL,'2025-01-05 16:36:53',NULL),(2429,3,'G I S','','BUCURESTI','BUCURESTI','6809320',NULL,'RO26TREZ7005069XXX010949',NULL,NULL,0,'STR. SUFARU GHEORGHE NR. 23-25, SECTOR 5',NULL,NULL,'2025-01-05 16:36:53',NULL),(2430,3,'ELECTRO AUTO CONTROL MAI ','','COM. CALDARARU','ARGES','35870966',NULL,'RO62TREZ0505069XXX002004',NULL,NULL,0,'SAT STRAMBENI, NR 506, ',NULL,NULL,'2025-01-05 16:36:53',NULL),(2431,3,'PROINSTAL PIPE','','STEFANESTI','ARGES','11433360',NULL,'RO36TREZ0465069XXX000489',NULL,NULL,0,'STR SOS N BUCURESTI - PITESTI NR.72A',NULL,NULL,'2025-01-05 16:36:53',NULL),(2432,3,'IJC ARGES','','PITESTI','ARGES','4229504',NULL,'RO05TREZ046501701X015441',NULL,NULL,0,'BD. I. C. BRATIANU NR. 56',NULL,NULL,'2025-01-05 16:36:53',NULL),(2433,17,'GS1 ROMANIA','','buc','BUCURESTI','5659755',NULL,'RO78RNCB0072049674220001',NULL,NULL,0,'buc',NULL,NULL,'2025-01-05 16:36:53',NULL),(2434,17,'UM 02497 ','','PITESTI','ARGES','4318016',NULL,'RO07TREZ23F660601203030X',NULL,NULL,0,'PITESTI',NULL,NULL,'2025-01-05 16:36:53',NULL),(2435,17,'COLEGIUL FARMACISTILOR ','','PITESTI','ARGES','16214973',NULL,'RO30BUCU1091215962444RON',NULL,NULL,0,'PITESTI',NULL,NULL,'2025-01-05 16:36:53',NULL),(2436,17,'OAMGMAMR AG','','PITESTI','ARGES','15466107',NULL,'RO18CECEAG0137RON0170475',NULL,NULL,0,'PITESTI',NULL,NULL,'2025-01-05 16:36:53',NULL),(2437,17,'OAMGMAMR DB','','TARGOVISTE','DIMBOVITA','15409594',NULL,'RO82CECEDB0137RON0103114',NULL,NULL,0,'TARGOVISTE',NULL,NULL,'2025-01-05 16:36:53',NULL),(2438,17,'COLEGIUL MEDICILOR ARGES','','PITESTI','ARGES','9471486',NULL,'RO95BTRL00301205K62436XX',NULL,NULL,0,'PITESTI',NULL,NULL,'2025-01-05 16:36:53',NULL),(2439,17,'Bugetul de stat Ministerul Sanatatii ','','','','4266456',NULL,'RO96TREZ70020160103XXXXX',NULL,NULL,0,'BUCURESTI',NULL,NULL,'2025-01-05 16:36:53',NULL),(2440,17,'SRAC CERT','','','','22088675',NULL,'RO26TREZ7005069XXX003383',NULL,NULL,0,'BUCURESTI',NULL,NULL,'2025-01-05 16:36:53',NULL),(2441,17,'OMNIASIG V.I.G. S.A.','','BUCURESTI','','14360018',NULL,'RO83TREZ7005069XXX000417',NULL,NULL,0,'BUCURESTI',NULL,NULL,'2025-01-05 16:36:53',NULL),(2442,15,'CNCAN','','BUCURESTI','BUCURESTI','10792013',NULL,'RO98TREZ70020F160300XXXX',NULL,NULL,0,'BLD LIBERTATII NR.14',NULL,NULL,'2025-01-05 16:36:53',NULL),(2443,15,'BUGET STAT','','pitesti','ARGES','4318016',NULL,'RO96TREZ70020160103XXXXX',NULL,NULL,0,'BUCURESTI',NULL,NULL,'2025-01-05 16:36:53',NULL),(2444,15,'SC REEP APARATURA MEDICALA SRL','J03/561/2002','PITESTI','ARGES','14829158',NULL,'RO55TREZ0465069XXX001214',NULL,NULL,0,'STR.VASILE LUPU, NR.9',NULL,NULL,'2025-01-05 16:36:53',NULL),(2445,15,'STERISYSTEMS','','BUCURESTI','BUCURESTI','18077589',NULL,'RO64TREZ7005069XXX005415',NULL,NULL,0,'B-DUL UNIRII, NR.',NULL,NULL,'2025-01-05 16:36:53',NULL),(2446,15,'S&T MEDTECH','','BUCURESTI','BUCURESTI','8936710',NULL,'RO11TREZ7005069XXX002683',NULL,NULL,0,'STR BARBU VACARESCU',NULL,NULL,'2025-01-05 16:36:53',NULL),(2447,15,'Karl Storz Endoscopia SRL','','BUCURESTI','BUCURESTI','22505268',NULL,'RO51TREZ7005069XXX003321',NULL,NULL,0,'STR. ANTON COLORIAN',NULL,NULL,'2025-01-05 16:36:53',NULL),(2448,15,'TEHNO INDUSTRIAL SA','','','','7094541',NULL,'RO40TREZ7005069XXX002549',NULL,NULL,0,'',NULL,NULL,'2025-01-05 16:36:53',NULL),(2449,15,'MEDIST SA','','Bucuresti','BUCURESTI','6705884',NULL,'RO91TREZ7005069XXX003280',NULL,NULL,0,'',NULL,NULL,'2025-01-05 16:36:53',NULL),(2450,15,'DRAGER MEDICAL ROMANIA','J40/13606/1992','BUCURESTI','BUCURESTI','2836925',NULL,'RO88TREZ7005069XXX002655',NULL,NULL,0,'SECTOR 1',NULL,NULL,'2025-01-05 16:36:53',NULL),(2451,15,'ULTRASOUND SERVICE','J40/10085/1995','BUCURESTI','BUCURESTI','7910445',NULL,'RO27TREZ7065069XXX000568',NULL,NULL,0,'SECTOR 6',NULL,NULL,'2025-01-05 16:36:53',NULL),(2452,15,'MEDICOMP LAB','J40/11616/2005','BUCURESTI','BUCURESTI','17744560',NULL,'RO37TREZ7025069XXX006941',NULL,NULL,0,'SECTOR 2',NULL,NULL,'2025-01-05 16:36:53',NULL),(2453,15,'INSTITUTUL NATIONAL DE SANATATE PUBLICA','','BUCURESTI','BUCURESTI','26347241',NULL,'RO49TREZ70520E365000XXXX',NULL,NULL,0,'SECTOR 5',NULL,NULL,'2025-01-05 16:36:53',NULL),(2454,15,'DIGIMED','','PITESTI','ARGES','14172049',NULL,'RO90TREZ7065069XXX002441',NULL,NULL,0,'',NULL,NULL,'2025-01-05 16:36:53',NULL),(2455,15,'SC BOLD MEDICAL S.R.L.','','TIMISOARA','TIMIS','27086225',NULL,'RO55TREZ6215069XXX014258',NULL,NULL,0,'STRADA VASILE GOLDIS ',NULL,NULL,'2025-01-05 16:36:53',NULL),(2456,15,'S.C. NAVO THEO S.R.L','','IASI','IASI','8003258',NULL,'RO49TREZ4065069XXX003834',NULL,NULL,0,'STRADA STRAPUNGERII SILVESTRU NR. 15',NULL,NULL,'2025-01-05 16:36:53',NULL),(2457,15,'EVOREVO SRL','','SECTOR 5','BUCURESTI','32761476',NULL,'RO30TREZ7055069XXX008627',NULL,NULL,0,'SPLAIUL INDEPENDENTEI 17',NULL,NULL,'2025-01-05 16:36:53',NULL),(2458,15,'NICONSULTING TECHNICS','','CHIAJNA','ILFOV','18448164',NULL,'RO85TREZ4215069XXX008270',NULL,NULL,0,'STRADA INTRAREA GURA LEULUI NR.5',NULL,NULL,'2025-01-05 16:36:53',NULL),(2459,15,'ACIRAM MEDICAL','','SECTOR 5','BUCURESTI','21849379',NULL,'RO66TREZ7055069XXX005651',NULL,NULL,0,'STRADA MARGEANULUI NR 26',NULL,NULL,'2025-01-05 16:36:53',NULL),(2460,15,'TEHNO ELECTRO MEDICAL COMPANY','','SECTOR 3','BUCURESTI','217930',NULL,'RO51RNCB0074026027450001',NULL,NULL,0,'STRADA CALUSEI NR 69A',NULL,NULL,'2025-01-05 16:36:53',NULL),(2461,15,'Medicare Technics S.A.','','SECTOR 1','BUCURESTI','12766347',NULL,'RO44TREZ7005069XXX001895',NULL,NULL,0,'STR VALEA MERILOR NR 30 ',NULL,NULL,'2025-01-05 16:36:53',NULL),(2462,15,'CNCIR','','SECTOR 1','BUCURESTI','27787860',NULL,'RO86BRDE426SV41791614260',NULL,NULL,0,'ATR FLUVIULUI',NULL,NULL,'2025-01-05 16:36:53',NULL),(2463,15,'GLOB STAR TRADE','','SECTOR 3 ','BUCURESTI','6422217',NULL,'RO83TREZ7005069XXX005655',NULL,NULL,0,'',NULL,NULL,'2025-01-05 16:36:53',NULL),(2464,15,'TECHNO PRO','','BRASOV','BRASOV','11430542',NULL,'RO05TREZ1315069XXX001209',NULL,NULL,0,'',NULL,NULL,'2025-01-05 16:36:53',NULL),(2465,15,'CLINI LAB','','TARGU MURES','MURES','3102218',NULL,'RO62TREZ4765069XXX001394',NULL,NULL,0,'',NULL,NULL,'2025-01-05 16:36:53',NULL),(2466,15,'KEMBLI MED','','BRASOV','BRASOV','10511100',NULL,'RO45TREZ1315069XXX000392',NULL,NULL,0,'STR DE MIJLOC',NULL,NULL,'2025-01-05 16:36:53',NULL),(2467,15,'TEST TRADING','','BUCURESTI','BUCURESTI','5889045',NULL,'RO82TREZ7005069XXX005188',NULL,NULL,0,'',NULL,NULL,'2025-01-05 16:36:53',NULL),(2468,15,'DIRECTIA DE SANATATE PUBLICA PRAHOVA','','PLOIESTI','PRAHOVA','8609468',NULL,'RO38TREZ52120160103XXXXX',NULL,NULL,0,'PLOIESTI',NULL,NULL,'2025-01-05 16:36:53',NULL),(2469,15,'CONTACT ELECTRIC COM','','PITESTI','ARGES','18300426',NULL,'RO21TREZ0465069XXX004542',NULL,NULL,0,'BASCOV',NULL,NULL,'2025-01-05 16:36:53',NULL),(2470,15,'EDITRONIC','','SECTOR 3','BUCURESTI','7524568',NULL,'RO90TREZ7005069XXX005432',NULL,NULL,0,'',NULL,NULL,'2025-01-05 16:36:53',NULL),(2471,15,'SERVICIUL JUDETEAN DE METROLOGIE LEGALA','','PITESTI','ARGES','23773978',NULL,'RO96TREZ046501701X013900',NULL,NULL,0,'',NULL,NULL,'2025-01-05 16:36:53',NULL),(2472,15,'AXIA MEDICAL','','TARGU MURES','MURES','20169480',NULL,'RO20TREZ4765069XXX008067',NULL,NULL,0,'',NULL,NULL,'2025-01-05 16:36:53',NULL),(2473,15,'TEHNOGAS MEDICAL','','PITESTI','BUCURESTI','25486420',NULL,'RO68TREZ7005069XXX007962',NULL,NULL,0,'',NULL,NULL,'2025-01-05 16:36:53',NULL),(2474,15,'AXON STEEL','','PITESTI','ARGES','23722915',NULL,'RO36TREZ0465069XXX007958',NULL,NULL,0,'',NULL,NULL,'2025-01-05 16:36:53',NULL),(2475,15,'OPTIMED','','BRASOV','BRASOV','1104239',NULL,'RO03TREZ1315069XXX000857',NULL,NULL,0,'',NULL,NULL,'2025-01-05 16:36:53',NULL),(2476,15,'DENTAL MARKET DISTRIBUTION','','PITESTI','ARGES','35435601',NULL,'RO56TREZ0465069XXX015261',NULL,NULL,0,'',NULL,NULL,'2025-01-05 16:36:53',NULL),(2477,15,'RADIOMED IMPEX','','BUCURESTI','BUCURESTI','17984504',NULL,'RO39TREZ7005069XXX010521',NULL,NULL,0,'',NULL,NULL,'2025-01-05 16:36:53',NULL),(2478,15,'DIRECTIA SANATATE PUBLICA ARGES','','PITESTI','ARGES','11301157',NULL,'RO04TREZ04620E365000XXXX',NULL,NULL,0,'',NULL,NULL,'2025-01-05 16:36:53',NULL),(2479,15,'LABSERVICE','J40/3459/2002','BUCURESTI','BUCURESTI','14607410',NULL,'RO57TREZ7015069XXX001599',NULL,NULL,0,'BUCURESTI',NULL,NULL,'2025-01-05 16:36:53',NULL),(2480,15,'TEHNICAL DENT','J09/137/1999','BRAILA','BRAILA','11758273',NULL,'RO23TREZ1515069XXX002458',NULL,NULL,0,'BRAILA',NULL,NULL,'2025-01-05 16:36:53',NULL),(2481,15,'ANMCS','','BUCURESTI','BUCURESTI','34998410',NULL,'RO60TREZ70620G160300XXXX',NULL,NULL,0,'SECTOR 6',NULL,NULL,'2025-01-05 16:36:53',NULL),(2482,15,'ELMED MEDICAL','','TARGU MURES','MURES','11017750',NULL,'RO41TREZ4765069XXX003130',NULL,NULL,0,'',NULL,NULL,'2025-01-05 16:36:53',NULL),(2483,15,'MED TEHNICA','','CRAIOVA','DOLJ','29837639',NULL,'RO43TREZ2915069XXX015049',NULL,NULL,0,'',NULL,NULL,'2025-01-05 16:36:53',NULL),(2484,15,'RAFI INTERNATIONAL','','BUCURESTI','BUCURESTI','9245101',NULL,'RO13TREZ7005069XXX002453',NULL,NULL,0,'',NULL,NULL,'2025-01-05 16:36:53',NULL),(2485,15,'HELLIMED SRL','','BUCURESTI','BUCURESTI','4885207',NULL,'RO73TREZ7005069XXX008066',NULL,NULL,0,'',NULL,NULL,'2025-01-05 16:36:53',NULL),(2486,15,'RETCO','','BRASOV','BRASOV','1110230',NULL,'RO76TREZ1315069XXX000998',NULL,NULL,0,'',NULL,NULL,'2025-01-05 16:36:53',NULL),(2487,15,'DIAMEDIX IMPEX','','SECTOR 2','BUCURESTI','8529458',NULL,'RO53TREZ7005069XXX003091',NULL,NULL,0,'',NULL,NULL,'2025-01-05 16:36:53',NULL),(2488,15,'HALMADENT','','BRASOV','BRASOV','16749799',NULL,'RO45TREZ1315069XXX006891',NULL,NULL,0,'',NULL,NULL,'2025-01-05 16:36:53',NULL),(2489,15,'VODIMEDICORS','','','ILFOV','4133530',NULL,'RO75TREZ4215069XXX008450',NULL,NULL,0,'',NULL,NULL,'2025-01-05 16:36:53',NULL),(2490,15,'SYNTTERGY','','CLUJ NAPOCA','CLUJ','14446373',NULL,'RO64TREZ2165069XXX009427',NULL,NULL,0,'',NULL,NULL,'2025-01-05 16:36:53',NULL),(2491,15,'IQ WATER MEDICAL','','HOLBOCA','IASI','35189272',NULL,'RO47INGB0000999905415575',NULL,NULL,0,'',NULL,NULL,'2025-01-05 16:36:53',NULL),(2492,15,'CASA OPSANJ','','','BUCURESTI','11445659',NULL,'RO66TREZ70026360550XXXXX',NULL,NULL,0,'',NULL,NULL,'2025-01-05 16:36:53',NULL),(2493,15,'FRIGORIFICA','','GALATI','GALATI','8662437',NULL,'RO44TREZ3065069XXX000618',NULL,NULL,0,'',NULL,NULL,'2025-01-05 16:36:53',NULL),(2494,15,'DEDEMAN','','BACAU','BACAU','2816464',NULL,'RO75TREZ0615069XXX001476',NULL,NULL,0,'',NULL,NULL,'2025-01-05 16:36:53',NULL),(2495,15,'ROMIND SERV','','CALARASI','CALARASI','16509494',NULL,'RO83TREZ2015069XXX004195',NULL,NULL,0,'',NULL,NULL,'2025-01-05 16:36:53',NULL),(2496,15,'PRAKTIKER','','','','14398713',NULL,'RO51TREZ7005069XXX000993',NULL,NULL,0,'',NULL,NULL,'2025-01-05 16:36:53',NULL),(2497,15,'DELTAMED','','GILAU','CLUJ','9434372',NULL,'RO78TREZ2165069XXX011988',NULL,NULL,0,'',NULL,NULL,'2025-01-05 16:36:53',NULL),(2498,15,'OFFICE MAX','','BUCURESTI','BUCURESTI','10839469',NULL,'RO82TREZ7005069XXX002472',NULL,NULL,0,'',NULL,NULL,'2025-01-05 16:36:53',NULL),(2499,15,'SAWEXIM','','ZALAU','SALAJ','16493517',NULL,'RO19TREZ5615069XXX005434',NULL,NULL,0,'',NULL,NULL,'2025-01-05 16:36:53',NULL),(2500,15,'General Electric','','SECTOR 2','BUCURESTI','12924986',NULL,'RO04TREZ7005069XXX002033',NULL,NULL,0,'',NULL,NULL,'2025-01-05 16:36:53',NULL),(2501,15,'Akro','','BRASOV','BRASOV','14205979',NULL,'RO46TREZ1315069XXX001732',NULL,NULL,0,'',NULL,NULL,'2025-01-05 16:36:53',NULL),(2502,15,'PRO MED SOLUTION MD ','','BUCURESTI','BUCURESTI','31854062',NULL,'RO14TREZ7015069XXX014789',NULL,NULL,0,'',NULL,NULL,'2025-01-05 16:36:53',NULL),(2503,15,'CONSULTANTA RADIOPROTECTIE','','SECTOR 6','BUCURESTI','27440054',NULL,'RO45TREZ7065069XXX009459',NULL,NULL,0,'',NULL,NULL,'2025-01-05 16:36:53',NULL),(2504,15,'PHILIPS ROMANIA','','BUCURESTI','BUCURESTI','2593699',NULL,'RO61TREZ7005069XXX000425',NULL,NULL,0,'',NULL,NULL,'2025-01-05 16:36:53',NULL),(2505,15,'ALEXCONS DENT','','SECOTR 6','BUCURESTI','34378605',NULL,'RO87TREZ7065069XXX014523',NULL,NULL,0,'',NULL,NULL,'2025-01-05 16:36:53',NULL),(2506,15,'MEDIST IMAGING POC','','BUCURESTI','BUCURESTI','24205100',NULL,'RO93TREZ7005069XXX007900',NULL,NULL,0,'',NULL,NULL,'2025-01-05 16:36:53',NULL),(2507,15,'BIROTICA INTERMED DISTRIBUTION ','','PANTELIMON','ILFOV','39606097',NULL,'RO95TREZ4215069XXX015559',NULL,NULL,0,'',NULL,NULL,'2025-01-05 16:36:53',NULL),(2508,15,'ALCON ROMANIA','','SECTOR 2','BUCURESTI','14617759',NULL,'RO38TREZ7005069XXX003652',NULL,NULL,0,'',NULL,NULL,'2025-01-05 16:36:53',NULL),(2509,15,'SIEMENS HEALTHCARE','','','BUCURESTI','36153005',NULL,'RO79TREZ7005069XXX011353',NULL,NULL,0,'',NULL,NULL,'2025-01-05 16:36:53',NULL),(2510,15,'TEHNOPLUS MEDICAL','','SECTOR 3','BUCURESTI','38022073',NULL,'RO53TREZ7005069XXX015313',NULL,NULL,0,'',NULL,NULL,'2025-01-05 16:36:53',NULL),(2511,15,'TEHNOPLUS MEDICAL SERVICE','','SECOTR 3','BUCURESTI','38022073',NULL,'RO53TREZ7005069XXX015313',NULL,NULL,0,'',NULL,NULL,'2025-01-05 16:36:53',NULL),(2512,15,'EURITMIC GRUP','','','BUCURESTI','12670543',NULL,'RO74TREZ7025069XXX023638',NULL,NULL,0,'',NULL,NULL,'2025-01-05 16:36:53',NULL),(2513,15,'MESSER ROMANIA GAZ','','BUCURESTI','BUCURESTI','10547308',NULL,'RO67TREZ7005069XXX001966',NULL,NULL,0,'DRUMUL INTRE TARLALE 102-112',NULL,NULL,'2025-01-05 16:36:53',NULL),(2514,15,'LUMAMED HEALTH CARE','','','BUCURESTI','27335105',NULL,'RO73TREZ7025069XXX021134',NULL,NULL,0,'',NULL,NULL,'2025-01-05 16:36:53',NULL),(2515,15,'DELTA TERMO CONSTRUCT 1999 S.R.L','J03/600/2004','PITESTI','ARGES','16297707',NULL,'RO11TREZ0465069XXX003946',NULL,NULL,0,'PITESTI',NULL,NULL,'2025-01-05 16:36:53',NULL),(2516,15,'AAA SUPORT MEDICAL','','COLDEA','BRASOV','34937880',NULL,'RO14TREZ1375069XXX001742',NULL,NULL,0,'',NULL,NULL,'2025-01-05 16:36:53',NULL),(2517,15,'BIVARIA GRUP','J20/327/2001','HUNEDOARA','HUNEDOARA','13833576',NULL,'RO83TREZ3665069XXX005314',NULL,NULL,0,'Loc. Hunedoara, Str. Eroilor 2D',NULL,NULL,'2025-01-05 16:36:53',NULL),(2518,15,'ALPHA MEDICAL SRL','BUCURESTI','SECTOR 1','BUCURESTI','13878004',NULL,'RO61TREZ7005069XXX007894',NULL,NULL,0,'BUCURESTI str Sandu Aldea nr. 22 se. 1',NULL,NULL,'2025-01-05 16:36:53',NULL),(2519,15,'BIROTICA OFFICE EXPRESS SRL','str. EREMIA GR','','ARGES','30214847',NULL,'RO44TREZ0465069XXX012567',NULL,NULL,0,'str. EREMIA GRIGORES, nr. 25, bl. P14',NULL,NULL,'2025-01-05 16:36:53',NULL),(2520,15,'B Braun SRL','str. Bernd Bra','TIMISOARA','','11080242',NULL,'RO44TREZ6215069XXX000682',NULL,NULL,0,'',NULL,NULL,'2025-01-05 16:36:53',NULL),(2521,15,'PRIMERA MED TECHNOLOGY','str. Caminului','Mioveni','ARGES','18858660',NULL,'RO02TREZ0465069XXX012450',NULL,NULL,0,'str. Caminului',NULL,NULL,'2025-01-05 16:36:53',NULL),(2522,15,'DENTSTORE','','','BUCURESTI','29777715',NULL,'RO85TREZ4215069XXX007300',NULL,NULL,0,'STR TEPES VODA, NR 89, BUCURESTI',NULL,NULL,'2025-01-05 16:36:53',NULL),(2523,15,'Global Medical Solutions','','','BUCURESTI','27093109',NULL,'RO21TREZ7005069XXX010845',NULL,NULL,0,'MUN. BUCURESTI, SECTOR 6, STR. ERNEST DJUVARA, NR.',NULL,NULL,'2025-01-05 16:36:53',NULL),(2524,15,'DACORUM GRUP','J22/213/1999','IASI','IASI','11609301',NULL,'RO10TREZ4065069XXX001626',NULL,NULL,0,'BLD CHIMIEI, NR 89 , JUD. IASI',NULL,NULL,'2025-01-05 16:36:53',NULL),(2525,15,'STRYKER ROMANIA','','','BUCURESTI','12704530',NULL,'RO38TREZ7005069XXX002682',NULL,NULL,0,'',NULL,NULL,'2025-01-05 16:36:53',NULL),(2526,15,'LIAMED','','','ARGES','10188824',NULL,'RO26TREZ1315069XXX000346',NULL,NULL,0,'',NULL,NULL,'2025-01-05 16:36:53',NULL),(2527,15,'SAPACO 2000','J40/9723/1999','','BUCURESTI','12358950',NULL,'RO44TREZ7005069XXX005290',NULL,NULL,0,'str. Aurel Baesu, nr 17, Sector 1, Bucuresti',NULL,NULL,'2025-01-05 16:36:53',NULL),(2528,15,'EYECON Medical','J40/9855/2002','','BUCURESTI','14923065',NULL,'RO51TREZ7005069XXX005746',NULL,NULL,0,'sTR. pAJUREI, NR.26, BL.24, ET.2, AP19, SECTOR 1',NULL,NULL,'2025-01-05 16:36:53',NULL),(2529,15,'ESMED GROUP SRL','','','','31292266',NULL,'RO87TREZ2165069XXX028607',NULL,NULL,0,'',NULL,NULL,'2025-01-05 16:36:53',NULL),(2530,15,'BTL aparatura medicala','','Bucuresti, Sector 4','BUCURESTI','9731314',NULL,'RO83TREZ7005069XXX002551',NULL,NULL,0,'str. Cpt. Mircea Vasilescu nr. 12-14',NULL,NULL,'2025-01-05 16:36:53',NULL),(2531,15,'HOSPITAL TECHNICAL SOLUTIONS SRL','','','BUCURESTI','39292806',NULL,'RO14TREZ7035069XXX020485',NULL,NULL,0,'Soseaua Dudesti-Pantelimon, nr. 44, Bucuresti',NULL,NULL,'2025-01-05 16:36:53',NULL),(2532,15,'INTELIGENT TEHNOLOGY SYSTEMS','','','','24341102',NULL,'RO67TREZ0465069XXX006915',NULL,NULL,0,'',NULL,NULL,'2025-01-05 16:36:53',NULL),(2533,15,'ANMDMR','L 134/2019','','BUCURESTI','41433222',NULL,'RO09TREZ70120G365000XXXX',NULL,NULL,0,'STR. MR. STEFAN SANATESCU NR 48',NULL,NULL,'2025-01-05 16:36:53',NULL),(2534,15,'BILBORAIN CONSTRUCT','J03/984/2018','','','39354259',NULL,'RO49TREZ0515069XXX001400',NULL,NULL,0,'',NULL,NULL,'2025-01-05 16:36:53',NULL),(2535,15,'SOLMED PROIECT ','','SECTOR 5','BUCURESTI','38986397',NULL,'RO90TREZ7055069XXX010845',NULL,NULL,0,'',NULL,NULL,'2025-01-05 16:36:53',NULL),(2536,15,'FRESENIUS KABI ROMANIA','','','','3391027',NULL,'RO17TREZ1315069XXX002351',NULL,NULL,0,'',NULL,NULL,'2025-01-05 16:36:53',NULL),(2537,15,'CWS BOCO ROMANIA','','','','8201379',NULL,'RO05TREZ4215069XXX004181',NULL,NULL,0,'',NULL,NULL,'2025-01-05 16:36:53',NULL),(2538,15,'DENTAL VLADMED','','','','19378199',NULL,'RO03TREZ1315069XXX008811',NULL,NULL,0,'',NULL,NULL,'2025-01-05 16:36:53',NULL),(2539,15,'LC RHEA MEDICAL CARE','','','','22512001',NULL,'RO52TREZ7015069XXX013814',NULL,NULL,0,'',NULL,NULL,'2025-01-05 16:36:53',NULL),(2540,15,'TEHNOPLUS MEDICAL','','','','4261939',NULL,'RO30TREZ7005069XXX002729',NULL,NULL,0,'',NULL,NULL,'2025-01-05 16:36:53',NULL),(2541,15,'MULTI LAB','','','','15537534',NULL,'RO90TREZ7025069XXX023835',NULL,NULL,0,'',NULL,NULL,'2025-01-05 16:36:53',NULL),(2542,15,'ELECTRIC VALCOR','','','','17600425',NULL,'RO86TREZ2915069XXX005254',NULL,NULL,0,'',NULL,NULL,'2025-01-05 16:36:53',NULL),(2543,15,'UNIDENT PLUS','','','','32145930',NULL,'RO51TREZ7035069XXX023990',NULL,NULL,0,'',NULL,NULL,'2025-01-05 16:36:53',NULL),(2544,15,'INFORMATIONAL ','','','','46975402',NULL,'RO51TREZ2935069XXX006245',NULL,NULL,0,'',NULL,NULL,'2025-01-05 16:36:53',NULL),(2545,15,'DNS BIROTICA','J40/5541/2004','','','16310679',NULL,'RO15TREZ7005069XXX002708',NULL,NULL,0,'',NULL,NULL,'2025-01-05 16:36:53',NULL),(2546,15,'Esomed Solution','','','','37326139',NULL,'RO57TREZ5765069XXX020795',NULL,NULL,0,'',NULL,NULL,'2025-01-05 16:36:53',NULL),(2547,15,'L ORSO SERVICE','','','','8293771',NULL,'RO77TREZ2165069XXX011715',NULL,NULL,0,'',NULL,NULL,'2025-01-05 16:36:53',NULL),(2548,15,'BUGETUL DE STAT','','','BUCURESTI','00000000',NULL,'RO96TREZ70020160103XXXXX',NULL,NULL,0,'',NULL,NULL,'2025-01-05 16:36:53',NULL),(2549,15,'BIO HYGIENE','29674809','SECTOR 1','BUCURESTI','29674809',NULL,'RO91TREZ7005069XXX015211',NULL,NULL,0,'STR ARGENTINA NR 25',NULL,NULL,'2025-01-05 16:36:53',NULL),(2550,15,'GLOBAL MEDICAL SOLUTIONS','','Bucuresti','BUCURESTI','27093109',NULL,'RO21TREZ7005069XXX010845',NULL,NULL,0,'Str. Siret, nr. 87',NULL,NULL,'2025-01-05 16:36:53',NULL),(2551,17,'INSTITUTUL NATIONAL DE SANATATE PUBLICA','','','','26347241',NULL,'RO49TREZ70520E365000XXXX',NULL,NULL,0,'BUCURESTI',NULL,NULL,'2025-01-05 16:36:53',NULL),(2552,17,'SRAC CERT SRL','','','','22088675',NULL,'RO26TREZ7005069XXX003383',NULL,NULL,0,'Bucuresti',NULL,NULL,'2025-01-05 16:36:53',NULL),(2553,17,'City Insurance','','','','10392742',NULL,'RO25TREZ7005069XXX001170',NULL,NULL,0,'bUC',NULL,NULL,'2025-01-05 16:36:53',NULL),(2554,17,'CASAOPSNAJ','','BUC','','11445659',NULL,'RO66TREZ70026360550XXXXX',NULL,NULL,0,'BUC',NULL,NULL,'2025-01-05 16:36:53',NULL),(2555,17,'Colegiul medicilor','','','','9471486',NULL,'RO95BTRL00301205K62436XX',NULL,NULL,0,'',NULL,NULL,'2025-01-05 16:36:53',NULL),(2556,17,'Colegiul Farmacistilor Arges','','','','16214973',NULL,'RO07RNCB0022047203840001',NULL,NULL,0,'',NULL,NULL,'2025-01-05 16:36:53',NULL),(2557,17,'DINASTIA LUX S.R.L','J03/1488/2006','PITESTI','ARGES','18988741',NULL,'RO34BACX0000000399420000',NULL,NULL,0,'STR.DACIA NR.10 ',NULL,NULL,'2025-01-05 16:36:53',NULL),(2558,17,'Bugetul de stat-Ministerul Sanatatii ','nu','Bucuresti','ILFOV','4266456',NULL,'RO96TREZ70020160103XXXXX',NULL,NULL,0,'Bucuresti',NULL,NULL,'2025-01-05 16:36:53',NULL),(2559,17,'SNSPMPDSB','','BUCURESTI','ILFOV','26328134',NULL,'RO80TREZ70220F335000XXXX',NULL,NULL,0,'Str. Vaselor 31, 021253, Sectorul 2, Bucuresti;',NULL,NULL,'2025-01-05 16:36:53',NULL),(2560,17,'EUROINS ROMANIA','J23/2823/ 2011','BUCUREu0218TI','BUCURESTI','5328123',NULL,'RO72TREZ7005069XXX000615',NULL,NULL,0,'BUCUREu0218TI',NULL,NULL,'2025-01-05 16:36:53',NULL),(2561,17,'SOLOMED CLINIC','','PITESTI','ARGES','134819',NULL,'RO67TREZ0465069XXX000804',NULL,NULL,0,'STR. TUDOR VLADIMIRESCU',NULL,NULL,'2025-01-05 16:36:53',NULL),(2562,17,'SYNEVO','','BUCURESTI','BUCURESTI','6479639',NULL,'RO95TREZ7005069XXX001656',NULL,NULL,0,'BD. PACHE PROTOPOPESCU',NULL,NULL,'2025-01-05 16:36:53',NULL),(2563,17,'EPIMED','','BUCURESTI','BUCURESTI','36783760',NULL,'RO46TREZ7025069XXX018613',NULL,NULL,0,'STR. GAETANO DONIZETTI',NULL,NULL,'2025-01-05 16:36:53',NULL),(2564,17,'ONYX  VTV  FUNERARE','','STEFANESTI','ARGES','45197302',NULL,'RO64TREZ0465069XXX018221',NULL,NULL,0,'STR MORII NR 33',NULL,NULL,'2025-01-05 16:36:53',NULL),(2565,17,'ASOCIATIA DE ACREDITARE RENAR','','BUCURESTI','BUCURESTI','4311980',NULL,'RO41RNCB0077011436420001',NULL,NULL,0,'CALEA VITAN NR 242',NULL,NULL,'2025-01-05 16:36:53',NULL),(2566,17,'DIAMEDIX','','BUCURESTI','BUCURESTI','8529458',NULL,'RO53TREZ7005069XXX003091',NULL,NULL,0,'FABRICA DE GLUCOZA ,NR 15 A',NULL,NULL,'2025-01-05 16:36:53',NULL),(2567,17,'SPITALUL JUDETEAN DE URGENTA TARGOVISTE','','TARGOVISTE','DIMBOVITA','4206845',NULL,'RO79TREZ27121F335000XXXX',NULL,NULL,0,'STR TUDOR VLADIMIRESCU',NULL,NULL,'2025-01-05 16:36:53',NULL),(2568,17,'ELDA IMPEX','','PITESTI','ARGES','453427',NULL,'RO79TREZ7035069XXX014077',NULL,NULL,0,'ALEEA SPITALULUI NR 16',NULL,NULL,'2025-01-05 16:36:53',NULL),(2569,17,'CENTRU TRANSFUZIE SANGUINA PITESTI','','PITESTI','PITESTI','4122310',NULL,'RO04TREZ04620E365000XXXX',NULL,NULL,0,'NEGRU VODA NR 43',NULL,NULL,'2025-01-05 16:36:53',NULL),(2570,17,'ASOCIATIA ROLAB','','BUCURESTI','BUCURESTI','15929708',NULL,'RO64RNCB0082044168440001',NULL,NULL,0,'BLD  UNIRII NR 61 SECTOR 3',NULL,NULL,'2025-01-05 16:36:53',NULL),(2571,17,'DSP ARGES','','PITESTI','ARGES','11301157',NULL,'RO04TREZ04620E365000XXXX',NULL,NULL,0,'EXERCITIU NR 39 BIS',NULL,NULL,'2025-01-05 16:36:53',NULL),(2572,17,'ETERNITATEA CRISOR','J3/1443/2015','PITESTI','ARGES','35173764',NULL,'RO86TREZ0465069XXX015206',NULL,NULL,0,'ION MINULESCU NR 10,BL B10,SCD,AP 1',NULL,NULL,'2025-01-05 16:36:53',NULL),(2573,17,'PRIMARIA MUNICIPIULUI PITESTI','','','','4317967',NULL,'RO47TREZ04621160203XXXXX',NULL,NULL,0,'PITESTI',NULL,NULL,'2025-01-05 16:36:53',NULL),(2574,17,'DIRECTIA DE METROLOGIE PLOIESTI','','PLOIESTI','PLOIESTI','23741143',NULL,'RO57TREZ521501701X013580',NULL,NULL,0,'INDUSTRIEI NR 111',NULL,NULL,'2025-01-05 16:36:53',NULL),(2575,14,'EPIMED CM','J 40/15624/201','Bucuresti','BUCURESTI','36783760',NULL,'RO72TREZ7015069XXX024318',NULL,NULL,0,'STR. Gaetano Donizetti 21, sector 2',NULL,NULL,'2025-01-05 16:36:53',NULL),(2576,14,'SYNEVO ROMANIA','J40/20319/1994','BUCURESTI','BUCURESTI','6479639',NULL,'RO95TREZ7005069XXX001656',NULL,NULL,0,'Pache Protopopescu 81, Sector 2',NULL,NULL,'2025-01-05 16:36:53',NULL),(2577,14,'CTS ARGES','','PITESTI','ARGES','4122310',NULL,'RO04TREZ04620E365000XXXX',NULL,NULL,0,'Str. Negru Voda nr. 43',NULL,NULL,'2025-01-05 16:36:53',NULL),(2578,14,'COLEGIUL FARMACISTILOR ARGES','','Pitesti','ARGES','16214973',NULL,'RO30BUCU1091215962444RON',NULL,NULL,0,'Str. Constructorilor nr. 4B, Bl. Izvor',NULL,NULL,'2025-01-05 16:36:53',NULL),(2579,14,'SPITALUL JUDETEAN TARGOVISTE','','TARGOVISTE','DAMBOVITA','4206845',NULL,'RO79TREZ27121F335000XXXX',NULL,NULL,0,'STR. TUDOR VLADIMIRESCU',NULL,NULL,'2025-01-05 16:36:53',NULL),(2580,14,'OAMGMAMR AG','','PITESTI','ARGES','15466107',NULL,'RO48BREL0002001799710100',NULL,NULL,0,'',NULL,NULL,'2025-01-05 16:36:53',NULL),(2581,14,'OAMGMAMR DB','','TARGOVISTE','DAMBOVITA','15409594',NULL,'RO82CECEDB0137RON0103114',NULL,NULL,0,'',NULL,NULL,'2025-01-05 16:36:53',NULL),(2582,14,'COLEGIUL MEDICILOR ARGES','','PITESTI','ARGES','9471486',NULL,'RO95BTRL00301205K62436XX',NULL,NULL,0,'',NULL,NULL,'2025-01-05 16:36:53',NULL),(2583,14,'UM 02497 ','','PITESTI','ARGES','4318016',NULL,'RO07TREZ23F660601203030X',NULL,NULL,0,'',NULL,NULL,'2025-01-05 16:36:53',NULL),(2584,14,'ETERNITATEA CRISOR','','PITESTI','ARGES','35173764',NULL,'RO86TREZ0465069XXX015206',NULL,NULL,0,'STR.ION MINULESCU BL B10,SC D,AP 1',NULL,NULL,'2025-01-05 16:36:53',NULL),(2585,14,'MESSER ROMANIA GAZ','','BUCURESTI','BUCURESTI','10547308',NULL,'RO67TREZ7005069XXX001966',NULL,NULL,0,'DRUMUL INTRE TARLALE 102-112',NULL,NULL,'2025-01-05 16:36:53',NULL),(2586,14,'PFI DR BOTOFEI FLORINA','','PITESTI','ARGES','22169150',NULL,'RO72BRDE030SV69713290300',NULL,NULL,0,'STR. ARGESULUI 5A',NULL,NULL,'2025-01-05 16:36:53',NULL),(2587,14,'NEOMED SRL','J05/1081/1996','ORADEA','BIHOR','8728108',NULL,'RO63TREZ0765069XXX002702',NULL,NULL,0,'STR. HOREA NR.1',NULL,NULL,'2025-01-05 16:36:53',NULL),(2588,14,'PRO GREEN SRL','J04/798/2001','ONESTI','BACAU','14345417',NULL,'RO20TREZ0625069XXX000270',NULL,NULL,0,'CALEA BACAULUI 12',NULL,NULL,'2025-01-05 16:36:53',NULL),(2589,14,'MEDICAL GRUP SRL','J12/2868/2005','','CLUJ','17845905',NULL,'RO58TREZ2165069XXX015064',NULL,NULL,0,'IULIU MANIU 28',NULL,NULL,'2025-01-05 16:36:53',NULL),(2590,14,'ROSALVAMED PLUS','J39/721/2020','VULTURU','VRANCEA','43233441',NULL,'RO84TREZ6915069XXX012015',NULL,NULL,0,'Sat Vulturu, Com. Vulturu, str. Aliorului nr. 1',NULL,NULL,'2025-01-05 16:36:53',NULL),(2591,14,'CATTUS','J26/240/2002','TG. MURES','MURES','14544908',NULL,'RO69TREZ4765069XXX009707',NULL,NULL,0,'Str. BANEASA NR. 10 C',NULL,NULL,'2025-01-05 16:36:53',NULL),(2592,14,'ATLANCO EXIM','J40/2623/1998','BUCURESTI S 2','','10367196',NULL,'RO46TREZ7005069XXX007873',NULL,NULL,0,'Sos. Pantelimon nr. 209A, BL. 98-108, SC. 1, AP. 3',NULL,NULL,'2025-01-05 16:36:53',NULL),(2593,14,'A A R RENAR','1966/1990','BUCURESTI','','4311980',NULL,'RO41RNCB0077011436420001',NULL,NULL,0,'Cal. Vitan nr. 242, sector 3',NULL,NULL,'2025-01-05 16:36:53',NULL),(2594,14,'MED TEHNICA ','J16/300/2012','Craiova','DOLJ','29837639',NULL,'RO43TREZ2915069XXX015049',NULL,NULL,0,'Cal. Unirii nr. 91',NULL,NULL,'2025-01-05 16:36:53',NULL),(2595,14,'PAVO CREATIV','J3/1865/2018','GEAMANA','ARGES','39901976',NULL,'RO54BTRLRONCRT0484138101',NULL,NULL,0,'Com. Bradu, str.Prelungirea Craiovei nr. 3 ',NULL,NULL,'2025-01-05 16:36:53',NULL),(2596,14,'DRAEGER ROMANIA','J40/13606/1992','BUCURESTI','','2836925',NULL,'RO88TREZ7005069XXX002655',NULL,NULL,0,'Str. Grigore Gafencu nr. 78-84, cladirea C1, secto',NULL,NULL,'2025-01-05 16:36:53',NULL),(2597,14,'SOLMED PROIECT','J40/3281/2018','Sector 5','Bucuresti','38986397',NULL,'RO90TREZ7055069XXX010845',NULL,NULL,0,'Sos. Bucuresti-Magurele',NULL,NULL,'2025-01-05 16:36:53',NULL),(2598,14,'DACO MEDICAL TEHNOLOGIES','J40/7853/2011','BUCURESTI S 2','','28704464',NULL,'RO42TREZ7025069XXX014417',NULL,NULL,0,'Str. Morarilor',NULL,NULL,'2025-01-05 16:36:53',NULL),(2599,14,'CARTO PLAST','J40/22553/2007','BUCURESTI','','22847422',NULL,'RO44TREZ7015069XXX014734',NULL,NULL,0,'Str. Ion Neculce, nr. 81, sector 1',NULL,NULL,'2025-01-05 16:36:53',NULL),(2600,14,'INSTITUTUL NATIONAL DE SANATATE PUBLICA','','Bucuresti','','26347241',NULL,'RO49TREZ70520E365000XXXX',NULL,NULL,0,'Str. Dr. Leonte Anastasievici nr. 1-3, sector 5',NULL,NULL,'2025-01-05 16:36:53',NULL),(2601,14,'DNS BIROTICA','J40/5541/2004','Bucuresti','','16310679',NULL,'RO15TREZ7005069XXX002708',NULL,NULL,0,'Str. Pogoanelor, nr. 147, sector 4',NULL,NULL,'2025-01-05 16:36:53',NULL),(2602,14,'SRAC CERT','','','','22088675',NULL,'RO26TREZ7005069XXX003383',NULL,NULL,0,'BUCURESTI',NULL,NULL,'2025-01-05 16:36:53',NULL),(2603,14,'VERDON SOLUTION','J32/38/2014','SIBIU','SIBIU','32678550',NULL,'RO79TREZ5765069XXX019138',NULL,NULL,0,'Str. Stefan Cel Mare nr. 154',NULL,NULL,'2025-01-05 16:36:53',NULL),(2604,14,'Bugetul de stat Ministerul Sanatatii ','','','','4266456',NULL,'RO96TREZ70020160103XXXXX',NULL,NULL,0,'BUCURESTI',NULL,NULL,'2025-01-05 16:36:53',NULL),(2605,14,'SOLOMED CLINIC','JO3/2095/1992','PITESTI','ARGES','134819',NULL,'RO67TREZ0465069XXX000804',NULL,NULL,0,'Tudor Vladimirescu',NULL,NULL,'2025-01-05 16:36:53',NULL),(2606,14,'SERVICIU JUDETEAN DE AMBULANTA ARGES','','PITESTI','ARGES7','7549660',NULL,'RO46TREZ0465032XXX013023',NULL,NULL,0,'',NULL,NULL,'2025-01-05 16:36:53',NULL),(2607,14,'DRECTA DE SANATATE PUBLICA ARGES','','PITESTI','ARGES','11301157',NULL,'RO04TREZ04620E365000XXXX',NULL,NULL,0,'STR EXERCITIU NR 39BIS',NULL,NULL,'2025-01-05 16:36:53',NULL),(2608,14,'OMNIASIG V.I.G. S.A.','','BUCURESTI','','14360018',NULL,'RO83TREZ7005069XXX000417',NULL,NULL,0,'',NULL,NULL,'2025-01-05 16:36:53',NULL),(2609,14,'SPITALUL JUD DE URG PITESTI','','PITESTI','ARGES','4122205',NULL,'RO61TREZ04621F330800XXXX',NULL,NULL,0,'ALEEA SPITALULUI',NULL,NULL,'2025-01-05 16:36:53',NULL),(2610,14,'Asociatia Laboratoarelor din Romania ROLAB','27/30.10.2023','BUCURESTI','','15929708',NULL,'RO64RNCB0082044168440001',NULL,NULL,0,'Sector 3, Bld. Unirii, nr. 61, Bl. F3,Sc. 2, Ap. 3',NULL,NULL,'2025-01-05 16:36:53',NULL),(2611,14,'TODY LABORATORIES INT','RO4134935','SECTOR 1','','4134935',NULL,'RO96TREZ7005069XXX005518',NULL,NULL,0,'STR VADUL MOLDOVEI NR 22',NULL,NULL,'2025-01-05 16:36:53',NULL),(2612,14,'Asociatia pt cal in laboratoare CALILAB','','BUCURESTI','BUCURESTI','19024175',NULL,'RO39BTRLRONCRT0I05832201',NULL,NULL,0,'STR Alexandru DONICI NR 36,AP 7,ETAJ2,SECT 2',NULL,NULL,'2025-01-05 16:36:53',NULL),(2613,14,'MEDIMPACT','J12/293/2001','CLUJ','CLUJ-NAPOCA','13720895',NULL,'RO20TREZ2165069XXX009734',NULL,NULL,0,'STR LUNETEI NR 14',NULL,NULL,'2025-01-05 16:36:53',NULL),(2614,14,'AQUATOR SRL','RO15651244','','IASI','15651244',NULL,'RO57TREZ4065069XXX005824',NULL,NULL,0,'BULEVARDUL ALEXANDRU',NULL,NULL,'2025-01-05 16:36:53',NULL),(2615,14,'SANTIMPEX SRL','J20/2701/1992','HUNEDOARA','HUNEDOARA','3557481',NULL,'RO34TREZ3665069XXX000667',NULL,NULL,0,'BLD 22 DECEMBRIE, BL D3.SC A,ET 4',NULL,NULL,'2025-01-05 16:36:53',NULL),(2616,14,'DR  BOTOFEI FLORINA','X3/132427/2007','PITESTI','ARGES','132427',NULL,'RO72BRDE030SV69713290300',NULL,NULL,0,'STR ARGESULUI  NR 5 a, ap 2',NULL,NULL,'2025-01-05 16:36:53',NULL),(2617,14,'ALFAMED CLINIC','J9/723/2018','GEMENELE','BRAILA','40021835',NULL,'RO69TREZ1515069XXX011718',NULL,NULL,0,'GEMENELE',NULL,NULL,'2025-01-05 16:36:53',NULL),(2618,14,'PRIMARIA MUNICIPIULUI PITESTI','','PITESTI','ARGES','4317967',NULL,'RO25TREZ04621070203XXXXX',NULL,NULL,0,'ARGES',NULL,NULL,'2025-01-05 16:36:53',NULL),(2619,14,'METROMAT','','BRASOV','BRASOV','4980861',NULL,'RO80TREZ1315069XXX022266',NULL,NULL,0,'PIATA LIBERTATII NR 2SACELE',NULL,NULL,'2025-01-05 16:36:53',NULL),(2620,14,'INFORMATIONAL SRL','J16/2798/2022','CALAFAT','DOLJ','46975402',NULL,'RO51TREZ2935069XXX006245',NULL,NULL,0,'STR 1 MAI, NR 10, CAMERA 1 CALAFAT',NULL,NULL,'2025-01-05 16:36:53',NULL),(2621,14,'AXIOMED SOLUTIONS','J17/272/2012','GALATI','','29887513',NULL,'RO79TREZ3065069XXX012307',NULL,NULL,0,'STR DIMITRIE CANTEMIR NR 21',NULL,NULL,'2025-01-05 16:36:53',NULL),(2622,14,'INPA FASHION','J16/380/2019','','DOLJ','40507097',NULL,'RO92TREZ2915069XXX023964',NULL,NULL,0,'CRAIOVA',NULL,NULL,'2025-01-05 16:36:53',NULL),(2623,19,'EXTRANET SRL','','CLUJ NAPOCA','CLUJ','11051573',NULL,'RO32TREZ2165069XXX010391',NULL,NULL,0,'STR AVRAM IANCU NR 54',NULL,NULL,'2025-01-05 16:36:53',NULL),(2624,19,'INNOVATE INFORMATIONAL  SRL','','IASI','IASI','25231140',NULL,'RO16TREZ4065069XXX013449',NULL,NULL,0,'STR MIRONESCU  11',NULL,NULL,'2025-01-05 16:36:53',NULL),(2625,19,'DIGISIGN SA','','BUCURESTI','BUCURESTI','17544945',NULL,'RO77TREZ7005069XXX007994',NULL,NULL,0,'VIRGIL MADGEARU 2 6',NULL,NULL,'2025-01-05 16:36:53',NULL),(2626,19,'ELECTROSERV BIROTICA SRL','','BRADU','ARGES','21676855',NULL,'RO57TREZ0465069XXX005640',NULL,NULL,0,'SAT GEAMANA 47',NULL,NULL,'2025-01-05 16:36:53',NULL),(2627,19,'ROMAR SOFTWARE SRL','','BUCURESTI','BUCURESTI','22518217',NULL,'',NULL,NULL,0,'ALEEA BOTENI NR 2',NULL,NULL,'2025-01-05 16:36:53',NULL),(2628,19,'Lucky Enterprises SRL','','PITESTI','ARGES','6952426',NULL,'RO36TREZ0465069XXX002235',NULL,NULL,0,'IC BRATIANU BL 40',NULL,NULL,'2025-01-05 16:36:53',NULL),(2629,19,'COMPANIA INFORMATICA NEAMT','','PIATRA NEAMT','NEAMT','6756055',NULL,'RO69TREZ4915069XXX000532',NULL,NULL,0,'MIHAI EMINESCU D10',NULL,NULL,'2025-01-05 16:36:53',NULL),(2630,19,'INTELIGENT TEHNOLOGY SYSTEMS','','Pitesti','ARGES','24341102',NULL,'RO67TREZ0465069XXX006915',NULL,NULL,0,'Str Andrei Marinescu nr 1',NULL,NULL,'2025-01-05 16:36:53',NULL),(2631,19,'LUCKY SMART SYSTEMS SRL','','PITESTI','ARGES','24688650',NULL,'',NULL,NULL,0,'PITESTI',NULL,NULL,'2025-01-05 16:36:53',NULL),(2632,19,'PREMIER CRISPAG','','Topoloveni','ARGES','17559199',NULL,'RO23TREZ0515069XXX000801',NULL,NULL,0,'str. Blocurilor nr. 14',NULL,NULL,'2025-01-05 16:36:53',NULL),(2633,19,'TECHTEAM SRL','','PITESTI','ARGES','3547372',NULL,'RO20TREZ0465069XXX001650',NULL,NULL,0,'PITESTI',NULL,NULL,'2025-01-05 16:36:53',NULL),(2634,19,'CEGEDIM RX SRL','','','','27836416',NULL,'RO26TREZ7005069XXX006487',NULL,NULL,0,'BUCURESTI',NULL,NULL,'2025-01-05 16:36:53',NULL),(2635,19,'EUR ASIA SERVICES SRL','','BABANA','ARGES','33607220',NULL,'RO56TREZ0465069XXX014485',NULL,NULL,0,'Sat Lupeni',NULL,NULL,'2025-01-05 16:36:53',NULL),(2636,19,'SDM OFFICE GROUP SRL','','MOSOAIA','ARGES','18954722',NULL,'RO36TREZ0465069XXX005824',NULL,NULL,0,'MOSOAIA',NULL,NULL,'2025-01-05 16:36:53',NULL),(2637,19,'DANTE INTERNATIONAL SA','','BUCURESTI','','14399840',NULL,'RO26TREZ7005069XXX001637',NULL,NULL,0,'BUCURESTI',NULL,NULL,'2025-01-05 16:36:53',NULL),(2638,19,'CERTSIGN SA','','Bucuresti','BUCURESTI','18288250',NULL,'RO19TREZ7005069XXX006128',NULL,NULL,0,'Bucuresti',NULL,NULL,'2025-01-05 16:36:53',NULL),(2639,19,'SHAROLT GROUP SRL','','Craiova','DOLJ','2329841',NULL,'RO29TREZ2915069XXX002012',NULL,NULL,0,'Craiova',NULL,NULL,'2025-01-05 16:36:53',NULL),(2640,19,'SILVA SISTEMS SRL','','Constanta','CONSTANTA','13742532',NULL,'RO45TREZ2315069XXX001370',NULL,NULL,0,'Constanta',NULL,NULL,'2025-01-05 16:36:53',NULL),(2641,19,'PARTENER TRADING 2000 SRL','','PITESTI','','18831932',NULL,'RO28TREZ0465069XXX006453',NULL,NULL,0,'PITESTI',NULL,NULL,'2025-01-05 16:36:53',NULL),(2642,19,'IT GENETICS','','','','21310535',NULL,'RO06TREZ7005069XXX010824',NULL,NULL,0,'BUCURESTI',NULL,NULL,'2025-01-05 16:36:53',NULL),(2643,19,'NAMEBOX SRL','','','','29508628',NULL,'RO78TREZ1015069XXX008933',NULL,NULL,0,'Bistrita',NULL,NULL,'2025-01-05 16:36:53',NULL),(2644,19,'S&T Romania SRL','','Bucuresti','','5175054',NULL,'RO42TREZ7005069XXX001058',NULL,NULL,0,'bUCURESTI',NULL,NULL,'2025-01-05 16:36:53',NULL),(2645,19,'ROMSYSTEMS SRL','','BACAU','','15437993',NULL,'RO75TREZ0615069XXX001573',NULL,NULL,0,'Bacau',NULL,NULL,'2025-01-05 16:36:53',NULL),(2646,19,'NOUMAX SRL','','BUC','','6004524',NULL,'RO68TREZ7005069XXX003112',NULL,NULL,0,'BUC',NULL,NULL,'2025-01-05 16:36:53',NULL),(2647,19,'NEOXIS IT SRL','','','','35291883',NULL,'RO30TREZ0465069XXX016990',NULL,NULL,0,'PITESTI',NULL,NULL,'2025-01-05 16:36:53',NULL),(2648,19,'VERASYS INTERNATIONAL SRL','','','','15565607',NULL,'RO20TREZ7005069XXX003394',NULL,NULL,0,'BUCURESTI',NULL,NULL,'2025-01-05 16:36:53',NULL),(2649,19,'PIXELDATA SRL','','','','16381432',NULL,'RO54TREZ2165069XXX018919',NULL,NULL,0,'CLUJ',NULL,NULL,'2025-01-05 16:36:53',NULL),(2650,19,'ASOCIATIA GS1 ROMANIA','','','','5659755',NULL,'RO78RNCB0072049674220001',NULL,NULL,0,'BUCURESTI',NULL,NULL,'2025-01-05 16:36:53',NULL),(2651,19,'RODAX MANAGEMENT SRL','','','','16787628',NULL,'RO55TREZ7005069XXX010427',NULL,NULL,0,'BUCURESTI',NULL,NULL,'2025-01-05 16:36:53',NULL),(2652,19,'INFOCENTER SRL','','CRAIOVA','','16474833',NULL,'RO57TREZ2915069XXX001508',NULL,NULL,0,'CRAIOVA',NULL,NULL,'2025-01-05 16:36:53',NULL),(2653,19,'SIRIUS DISTRIBUTION SRL','','','','16746300',NULL,'RO36TREZ7025069XXX015883',NULL,NULL,0,'BUCURESTI',NULL,NULL,'2025-01-05 16:36:53',NULL),(2654,19,'ORANGE ROMANIA COMMUNICATIONS','','BUC','','9010105',NULL,'RO02TREZ7005069XXX000711',NULL,NULL,0,'BUC',NULL,NULL,'2025-01-05 16:36:53',NULL),(2655,19,'VODAFONE','','BUC','','8971726',NULL,'RO29TREZ7005069XXX000710',NULL,NULL,0,'BUC',NULL,NULL,'2025-01-05 16:36:53',NULL),(2656,19,'RO INTERACTIVE TECH. SRL','','CLUJ','CLUJ','8343888',NULL,'RO76TREZ2165069XXX011733',NULL,NULL,0,'CLUJ',NULL,NULL,'2025-01-05 16:36:53',NULL),(2657,19,'HORUS CENTER SRL','','PITESTI','ARGESRO52TREZ','15744890',NULL,'RO52TREZ0465069XXX001365',NULL,NULL,0,'PITESTI',NULL,NULL,'2025-01-05 16:36:53',NULL),(2658,19,'TORA DISTRIBUTION SYSTEM SRL','','','','34551918',NULL,'RO21TREZ7035069XXX017352',NULL,NULL,0,'BUC',NULL,NULL,'2025-01-05 16:36:53',NULL),(2659,19,'RAIOBRA ACTION SRL','','','','35859240',NULL,'RO85TREZ2715069XXX012041',NULL,NULL,0,'TGV',NULL,NULL,'2025-01-05 16:36:53',NULL),(2660,7,'CM MED-AS 2003 SRL','','BRASOV','BRASOV','14482678',NULL,'',NULL,NULL,0,'STR.URANUS, ORIZONT 3000,NR 12',NULL,NULL,'2025-01-05 16:36:53',NULL),(2661,7,'CLINI-LAB ','','TG.MURES ','MURES','3102218',NULL,'RO62TREZ4765069XXX001394',NULL,NULL,0,'STR RODNEI NR 15',NULL,NULL,'2025-01-05 16:36:53',NULL),(2662,7,'ATLANCO EXIM','','BUCURESTI','BUCURESTI','10367196',NULL,'RO46TREZ7005069XXX007873',NULL,NULL,0,'SOS IANCULUI NR 11',NULL,NULL,'2025-01-05 16:36:53',NULL),(2663,7,'DIPIESO JUNIOR','','BUCURESTI','BUCURESTI','15086663',NULL,'RO12TREZ7035069XXX001509',NULL,NULL,0,'STR VALERIU BRANISTE NR 16',NULL,NULL,'2025-01-05 16:36:53',NULL),(2664,7,'MEDICOMP LAB','','BUCURESTI','BUCURESTI','17744560',NULL,'RO37TREZ7025069XXX006941',NULL,NULL,0,'STR CERNAUTI NR 50',NULL,NULL,'2025-01-05 16:36:53',NULL),(2665,7,'ROMSIR IMPEX','','BALS ','OLT','6218870',NULL,'RO65TREZ5065069XXX009083',NULL,NULL,0,'STR N TITULESCU NR 50',NULL,NULL,'2025-01-05 16:36:53',NULL),(2666,7,'PROTON IMPEX 2000 SRL','','BUCURESTI','BUCURESTI','9000578',NULL,'RO65TREZ7005069XXX010344',NULL,NULL,0,'STR TRILULUI NR 63',NULL,NULL,'2025-01-05 16:36:53',NULL),(2667,7,'HEMAT-ROM','','BUCURESTI','BUCURESTI','29643',NULL,'RO35TREZ7005069XXX005452',NULL,NULL,0,'STR TINTEA NR 6',NULL,NULL,'2025-01-05 16:36:53',NULL),(2668,7,'MEDIST ','','BUCURESTI','BUCURESTI','6705884',NULL,'RO91TREZ7005069XXX003280',NULL,NULL,0,'STR ION URDAREANU NR 34A',NULL,NULL,'2025-01-05 16:36:53',NULL),(2669,7,'PRION POCT','','BUCURESTI','BUCURESTI','25426886',NULL,'RO32TREZ7005069XXX008319',NULL,NULL,0,'STR STEFAN NEGULESCU NR 38',NULL,NULL,'2025-01-05 16:36:53',NULL),(2670,7,'SANPRODMED','','BUCURESTI','BUCURESTI','13362380',NULL,'RO37TREZ3215069XXX011454',NULL,NULL,0,'STR AEROPORTULUI NR 2',NULL,NULL,'2025-01-05 16:36:53',NULL),(2671,7,'REBEMEDICAL ','','CHIAJNA','ILFOV','29036690',NULL,'RO78TREZ4215069XXX006650',NULL,NULL,0,'STR DALIEI NR 1',NULL,NULL,'2025-01-05 16:36:53',NULL),(2672,7,'BIVARIA GRUP','','HUNEDOARA ','HUNEDOARA','13833576',NULL,'RO83TREZ3665069XXX005314',NULL,NULL,0,'STR EROILOR NR 2D',NULL,NULL,'2025-01-05 16:36:53',NULL),(2673,7,'TODY LABORATORIES INT','','BUCURESTI','BUCURESTI','4134935',NULL,'RO96TREZ7005069XXX005518',NULL,NULL,0,'STR VADUL MOLDOVEI NR 22',NULL,NULL,'2025-01-05 16:36:53',NULL),(2674,7,'DIAMEDIX IMPEX','','BUCURESTI','BUCURESTI','8529458',NULL,'RO53TREZ7005069XXX003091',NULL,NULL,0,'STR FABRICA DE GLUCOZA NR 15A',NULL,NULL,'2025-01-05 16:36:53',NULL),(2675,7,'TEHNOPLUS MEDICAL','','BUCURESTI','BUCURESTI','4261939',NULL,'RO30TREZ7005069XXX002729',NULL,NULL,0,'STR ODOBESTI NR 1',NULL,NULL,'2025-01-05 16:36:53',NULL),(2676,7,'AVENA MEDICA SRL','','CHITILA','ILFOV','24684380',NULL,'RO09TREZ4215069XXX008183',NULL,NULL,0,'STR SOS BANATULUI NR 147C ',NULL,NULL,'2025-01-05 16:36:53',NULL),(2677,7,'SANIMED INTERNATIONAL IMPEX','','BUCURESTI','BUCURESTI','15995515',NULL,'RO37TREZ3215069XXX011454',NULL,NULL,0,'SOS BUCURESTI- MAGURELE ',NULL,NULL,'2025-01-05 16:36:53',NULL),(2678,7,'BIOMAXIMA ROMANIA','','CLUJ-NAPOCA','CLUJ','28399247',NULL,'RO96TREZ2165069XXX026311',NULL,NULL,0,'STR DIMITRIE ONCIUL NR 21 ',NULL,NULL,'2025-01-05 16:36:53',NULL),(2679,7,'SC PARTNERS MEDICAL SOLUTION','','BUCURESTI','BUCURESTI','12036920',NULL,'RO30TREZ7005069XXX010489',NULL,NULL,0,'STR VADUL MOLDOVEI NR 22',NULL,NULL,'2025-01-05 16:36:53',NULL),(2680,7,'DIALAB SOLUTION','','BUCURESTI','BUCURESTI','23818271',NULL,'RO12TREZ7005069XXX008097',NULL,NULL,0,'SOS ODAI NR 431 SECTOR 1',NULL,NULL,'2025-01-05 16:36:53',NULL),(2681,7,'INSTITUTUL NATIONAL DE CERCETARE CANTACUZINO','','BUCURESTI','BUCURESTI','34965529',NULL,'RO69TREZ705502201X009575',NULL,NULL,0,'SPLAIUL INDEPENDENTEI NR 103 ',NULL,NULL,'2025-01-05 16:36:53',NULL),(2682,7,'TOP DIAGNOSTICS','','BUCURESTI','BUCURESTI','10572840',NULL,'RO53TREZ7005069XXX000375',NULL,NULL,0,'STR SIPOTUL FANTANILOR NR 8',NULL,NULL,'2025-01-05 16:36:53',NULL),(2683,7,'BIOGENETIX SRL','','CORBEANCA ','ILFOV','15845119',NULL,'RO30TREZ4215069XXX009163',NULL,NULL,0,'STR UNIRII NR 68',NULL,NULL,'2025-01-05 16:36:53',NULL),(2684,7,'SYNTTERGY CONSULT','','CLUJ-NAPOCA','CLUJ','14446373',NULL,'RO64TREZ2165069XXX009427',NULL,NULL,0,'VALERIU BOLOGA 3',NULL,NULL,'2025-01-05 16:36:53',NULL),(2685,7,'MEDICLIM','','OTOPENI','ILFOV','6300279',NULL,'RO42TREZ7005069XXX000670',NULL,NULL,0,'STR AVRAM IANCU NR 47',NULL,NULL,'2025-01-05 16:36:53',NULL),(2686,7,'ALPHA MEDICAL','','BUCURESTI','BUCURESTI','13878004',NULL,'RO61TREZ7005069XXX007894',NULL,NULL,0,'STR SANDU ALDEA NR 22',NULL,NULL,'2025-01-05 16:36:53',NULL),(2687,7,'ASOCIATIA CALILAB','','BUCURESTI','BUCURESTI','19024175',NULL,'RO29BRDE445SV78423104450',NULL,NULL,0,'STR ALEXANDRU DONICI NR 36',NULL,NULL,'2025-01-05 16:36:53',NULL),(2688,7,'DDS DIAGNOSTIC','','BUCURESTI','BUCURESTI','14688172',NULL,'RO30TREZ7035069XXX001379',NULL,NULL,0,'STR SEGOVIA NR 1',NULL,NULL,'2025-01-05 16:36:53',NULL),(2689,7,'HDL UNION','','CLUJ-NAPOCA','CLUJ','16646521',NULL,'RO08TREZ2165069XXX014412',NULL,NULL,0,'STR CORNELIU COPOSU NR 50A',NULL,NULL,'2025-01-05 16:36:53',NULL),(2690,7,'ASOCIATIA LABORATOARELOR DIN ROMANIA ROLAB','','BUCURESTI','BUCURESTI','15929708',NULL,'RO64RNCB0082044168440001',NULL,NULL,0,'B DUL UNIRII NR 61 SECTOR 3 ',NULL,NULL,'2025-01-05 16:36:53',NULL),(2691,7,'MEDICAL PSIHO GRUP','','DEVA','HUNEDOARA','14873552',NULL,'RO72TREZ3665069XXX001050',NULL,NULL,0,'GHEORGHE LAZAR',NULL,NULL,'2025-01-05 16:36:53',NULL),(2692,7,'SOLOMED CLINIC SA','J03/2095/1992','PITESTI','ARGES','134819',NULL,'RO67TREZ0465069XXX000804',NULL,NULL,0,'STR TUDOR VLADIMIRESCU',NULL,NULL,'2025-01-05 16:36:53',NULL),(2693,7,'NOVA GROUP INVESTMENT','','DRAGOMIRESTI','ILFOV','13986464',NULL,'RO88TREZ4215069XXX008022',NULL,NULL,0,'STR CIRESULUI NR 22',NULL,NULL,'2025-01-05 16:36:53',NULL),(2694,7,'VITROBIOCHEM','','BUCURESTI','BUCURESTI','13794965',NULL,'RO39TREZ7065069XXX015872',NULL,NULL,0,'STR TANGANULUI NR 14',NULL,NULL,'2025-01-05 16:36:53',NULL),(2695,7,'A A PRO DIAGNOSTIC','','BUCURESTI','BUCURESTI','23068692',NULL,'RO72TREZ7005069XXX010509',NULL,NULL,0,'',NULL,NULL,'2025-01-05 16:36:53',NULL),(2696,13,'INMSS','','BUCURESTI','','26328134',NULL,'RO07TREZ70220G335000XXXX',NULL,NULL,0,'BUC',NULL,NULL,'2025-01-05 16:36:53',NULL),(2697,13,'PFA GHERASE CECILIA DANIELA','','TARGOVISTE','DAMBOVITA','40281355',NULL,'RO31INGB0000999911224999',NULL,NULL,0,'',NULL,NULL,'2025-01-05 16:36:53',NULL),(2698,13,'PFA IERIMA MARIA DANIELA','','BUCURESTI','','44530106',NULL,'RO81INGB0000999911655264',NULL,NULL,0,'',NULL,NULL,'2025-01-05 16:36:53',NULL),(2699,13,'PFA DR RADU LAURENTIU CORNEL','','PITESTI','ARGES','43639785',NULL,'RO17CECEC001946009747921',NULL,NULL,0,'',NULL,NULL,'2025-01-05 16:36:53',NULL),(2700,13,'RAD-CHECK','','CRAIOVA','DOLJ','17590801',NULL,'RO15TREZ2915069XXX004786',NULL,NULL,0,'',NULL,NULL,'2025-01-05 16:36:53',NULL),(2701,13,'PFA TANASE LAVINIA','','TIRGOVISTE','DIMBOVITA','31065310',NULL,'RO54BTRLRONCRT0201082401',NULL,NULL,0,'TIRGOVISTE',NULL,NULL,'2025-01-05 16:36:53',NULL),(2702,13,'PACIENT CARE MANAGEMENT','','SATU MARE','SATU MARE','30056496',NULL,'RO63TREZ5465069XXX012944',NULL,NULL,0,'SATU MARE',NULL,NULL,'2025-01-05 16:36:53',NULL),(2703,13,'LIFE MED POWER','','','','42257825',NULL,'RO68TREZ7035069XXX021356',NULL,NULL,0,'BUCURESTI',NULL,NULL,'2025-01-05 16:36:53',NULL),(2704,13,'DR SALAHEDDIN YOUSEF','','','','24105675',NULL,'RO63RNCB0076178167180001',NULL,NULL,0,'',NULL,NULL,'2025-01-05 16:36:53',NULL),(2705,13,'CRIS HELP MEDICAL','','PITESTI','ARGES','47070614',NULL,'RO29TREZ0465069XXX019239',NULL,NULL,0,'',NULL,NULL,'2025-01-05 16:36:53',NULL),(2706,13,'ASOCIATIA MRC','','','','11940690',NULL,'RO76BACX0000003010208000',NULL,NULL,0,'CRAIOVA',NULL,NULL,'2025-01-05 16:36:53',NULL),(2707,13,'PROFESIONAL NEW CONSULT','','','','23917690',NULL,'RO15TREZ0465069XXX011925',NULL,NULL,0,'PITESTI',NULL,NULL,'2025-01-05 16:36:53',NULL),(2708,13,'PFA FIRFIRICA LILIAN EUGEN','','','','48247588',NULL,'RO34INGB0000999913928141',NULL,NULL,0,'PITESTI',NULL,NULL,'2025-01-05 16:36:53',NULL),(2709,13,'INSTITUTUL NAT DE ADMINISTRATIE','','BUCURESTI','','37589690',NULL,'RO91TREZ70120G331700XXXX',NULL,NULL,0,'Str Occidentului nr 14 sector 1',NULL,NULL,'2025-01-05 16:36:53',NULL),(2710,13,'UM 02497 PITESTI','','PITESTI','ARGES','4318016',NULL,'RO36TREZ0465041XXX000337',NULL,NULL,0,'PITESTI',NULL,NULL,'2025-01-05 16:36:53',NULL),(2711,13,'DR NICOLESCU SERBAN CONSTANTIN','','','','23601689',NULL,'RO71BACX0000001011817000',NULL,NULL,0,'TARGOVISTE',NULL,NULL,'2025-01-05 16:36:53',NULL),(2712,13,'VIATA MEDICALA ROMANEASCA','','','','4197070',NULL,'RO96TREZ7055069XXX010834',NULL,NULL,0,'BUCURESTI',NULL,NULL,'2025-01-05 16:36:53',NULL),(2713,13,'REAL RADIOLOGY HUB ','','','','49068386',NULL,'RO41TREZ7025069XXX024329',NULL,NULL,0,'BUCURESTI ',NULL,NULL,'2025-01-05 16:36:53',NULL),(2714,13,'DR CHEREGI I RALUCA ','','','','41774351',NULL,'RO98BTRLRONCRT0CT4047501',NULL,NULL,0,'',NULL,NULL,'2025-01-05 16:36:53',NULL),(2715,11,'UM 02497 ','','','','3244026',NULL,'RO36TREZ0465041XXX000337',NULL,NULL,0,'PITESTI',NULL,NULL,'2025-01-05 16:36:53',NULL),(2716,18,'RO ARMYSECURITY S.A.','J40/11387/2011','BUCUREu0218TI','BUCURESTI','29136150',NULL,'RO67TREZ7005069XXX007980',NULL,NULL,0,'CALEA PLEVNEI, NR.141A',NULL,NULL,'2025-01-05 16:36:53',NULL),(2717,18,'CERTSIGN','J40/484/2006','BUCURESTI','BUCURESTI','18288250',NULL,'RO19TREZ7005069XXX006128',NULL,NULL,0,'SECTOR 4',NULL,NULL,'2025-01-05 16:36:53',NULL);
/*!40000 ALTER TABLE `furnizori` ENABLE KEYS */;
UNLOCK TABLES;

--
-- Table structure for table `institutie`
--

DROP TABLE IF EXISTS `institutie`;
/*!40101 SET @saved_cs_client     = @@character_set_client */;
/*!50503 SET character_set_client = utf8mb4 */;
CREATE TABLE `institutie` (
  `id` int NOT NULL AUTO_INCREMENT,
  `denumire` varchar(255) COLLATE utf8mb4_unicode_ci DEFAULT NULL,
  `adresa` varchar(255) COLLATE utf8mb4_unicode_ci DEFAULT NULL,
  `cui` varchar(255) COLLATE utf8mb4_unicode_ci DEFAULT NULL,
  `reprezentant` varchar(255) COLLATE utf8mb4_unicode_ci DEFAULT NULL,
  `observatii` varchar(255) COLLATE utf8mb4_unicode_ci DEFAULT NULL,
  PRIMARY KEY (`id`)
) ENGINE=InnoDB AUTO_INCREMENT=2 DEFAULT CHARSET=utf8mb4 COLLATE=utf8mb4_unicode_ci;
/*!40101 SET character_set_client = @saved_cs_client */;

--
-- Dumping data for table `institutie`
--

LOCK TABLES `institutie` WRITE;
/*!40000 ALTER TABLE `institutie` DISABLE KEYS */;
INSERT INTO `institutie` VALUES (1,'U.M. 02497','Arges, Pitesti, Str. Negru Voda nr. 47','4318016','Col. medic Gheorghe TUDOR',NULL);
/*!40000 ALTER TABLE `institutie` ENABLE KEYS */;
UNLOCK TABLES;

--
-- Table structure for table `ModificariAngajamente`
--

DROP TABLE IF EXISTS `ModificariAngajamente`;
/*!40101 SET @saved_cs_client     = @@character_set_client */;
/*!50503 SET character_set_client = utf8mb4 */;
CREATE TABLE `ModificariAngajamente` (
  `id` int NOT NULL AUTO_INCREMENT,
  `idAngajament` int NOT NULL,
  `tipModificare` enum('MAJORARE','DIMINUARE') COLLATE utf8mb4_unicode_ci NOT NULL,
  `suma` decimal(15,2) NOT NULL,
  `motiv` text COLLATE utf8mb4_unicode_ci NOT NULL,
  `idUser` int NOT NULL,
  `sumaBuget` decimal(15,2) NOT NULL,
  `disponibilBugetar` decimal(15,2) NOT NULL,
  `vizaCFPP` tinyint(1) NOT NULL DEFAULT '0',
  `nr_viza` varchar(191) COLLATE utf8mb4_unicode_ci DEFAULT NULL,
  `dataCFPP` datetime(3) DEFAULT NULL,
  `created_at` datetime(3) NOT NULL DEFAULT CURRENT_TIMESTAMP(3),
  `codang` varchar(24) COLLATE utf8mb4_unicode_ci DEFAULT NULL,
  `indicator` varchar(24) COLLATE utf8mb4_unicode_ci DEFAULT NULL,
  PRIMARY KEY (`id`),
  KEY `ModificariAngajamente_idAngajament_created_at_idx` (`idAngajament`,`created_at`),
  KEY `ModificariAngajamente_idUser_fkey` (`idUser`),
  CONSTRAINT `ModificariAngajamente_idAngajament_fkey` FOREIGN KEY (`idAngajament`) REFERENCES `Angajamente` (`id`) ON DELETE RESTRICT ON UPDATE CASCADE,
  CONSTRAINT `ModificariAngajamente_idUser_fkey` FOREIGN KEY (`idUser`) REFERENCES `users` (`id`) ON DELETE RESTRICT ON UPDATE CASCADE
) ENGINE=InnoDB AUTO_INCREMENT=11 DEFAULT CHARSET=utf8mb4 COLLATE=utf8mb4_unicode_ci;
/*!40101 SET character_set_client = @saved_cs_client */;

--
-- Dumping data for table `ModificariAngajamente`
--

LOCK TABLES `ModificariAngajamente` WRITE;
/*!40000 ALTER TABLE `ModificariAngajamente` DISABLE KEYS */;
/*!40000 ALTER TABLE `ModificariAngajamente` ENABLE KEYS */;
UNLOCK TABLES;

--
-- Table structure for table `OrdonantariPlata`
--

DROP TABLE IF EXISTS `OrdonantariPlata`;
/*!40101 SET @saved_cs_client     = @@character_set_client */;
/*!50503 SET character_set_client = utf8mb4 */;
CREATE TABLE `OrdonantariPlata` (
  `id` int NOT NULL AUTO_INCREMENT,
  `numar` varchar(191) COLLATE utf8mb4_unicode_ci NOT NULL,
  `dataord` datetime(3) NOT NULL DEFAULT CURRENT_TIMESTAMP(3),
  `idFurnizor` int NOT NULL,
  `valoare` decimal(15,2) NOT NULL,
  `stare` varchar(24) COLLATE utf8mb4_unicode_ci NOT NULL DEFAULT 'activ',
  `explicatii` text COLLATE utf8mb4_unicode_ci,
  `created_at` datetime NOT NULL DEFAULT CURRENT_TIMESTAMP,
  `updated_at` datetime(3) DEFAULT NULL,
  `dataCFPP` datetime(3) DEFAULT NULL,
  `nr_viza` varchar(191) COLLATE utf8mb4_unicode_ci DEFAULT NULL,
  `vizaCFPP` tinyint(1) NOT NULL DEFAULT '0',
  PRIMARY KEY (`id`),
  UNIQUE KEY `OrdonantariPlata_numar_key` (`numar`),
  KEY `OrdonantariPlata_idFurnizor_dataord_idx` (`idFurnizor`,`dataord`),
  CONSTRAINT `OrdonantariPlata_idFurnizor_fkey` FOREIGN KEY (`idFurnizor`) REFERENCES `furnizori` (`id`) ON DELETE RESTRICT ON UPDATE CASCADE
) ENGINE=InnoDB AUTO_INCREMENT=15 DEFAULT CHARSET=utf8mb4 COLLATE=utf8mb4_unicode_ci;
/*!40101 SET character_set_client = @saved_cs_client */;

--
-- Dumping data for table `OrdonantariPlata`
--

LOCK TABLES `OrdonantariPlata` WRITE;
/*!40000 ALTER TABLE `OrdonantariPlata` DISABLE KEYS */;
/*!40000 ALTER TABLE `OrdonantariPlata` ENABLE KEYS */;
UNLOCK TABLES;

--
-- Table structure for table `Plati`
--

DROP TABLE IF EXISTS `Plati`;
/*!40101 SET @saved_cs_client     = @@character_set_client */;
/*!50503 SET character_set_client = utf8mb4 */;
CREATE TABLE `Plati` (
  `id` int NOT NULL AUTO_INCREMENT,
  `numarop` int NOT NULL,
  `anfiscal` int NOT NULL,
  `dataop` datetime(3) NOT NULL,
  `numefurnizor` varchar(255) COLLATE utf8mb4_unicode_ci NOT NULL,
  `ibanplatitor` varchar(34) COLLATE utf8mb4_unicode_ci NOT NULL,
  `ibanbeneficiar` varchar(34) COLLATE utf8mb4_unicode_ci NOT NULL,
  `explicatii` text COLLATE utf8mb4_unicode_ci,
  `suma` decimal(15,2) NOT NULL,
  `codangajament` varchar(24) COLLATE utf8mb4_unicode_ci DEFAULT NULL,
  `indicator` varchar(24) COLLATE utf8mb4_unicode_ci DEFAULT NULL,
  `artbug` varchar(24) COLLATE utf8mb4_unicode_ci DEFAULT NULL,
  `codfiscalfurnizor` varchar(13) COLLATE utf8mb4_unicode_ci NOT NULL,
  `stare` varchar(24) COLLATE utf8mb4_unicode_ci NOT NULL DEFAULT 'activ',
  `created_at` datetime NOT NULL DEFAULT CURRENT_TIMESTAMP,
  `updated_at` datetime(3) DEFAULT NULL,
  PRIMARY KEY (`id`),
  KEY `Plati_codfiscalfurnizor_idx` (`codfiscalfurnizor`)
) ENGINE=InnoDB AUTO_INCREMENT=12 DEFAULT CHARSET=utf8mb4 COLLATE=utf8mb4_unicode_ci;
/*!40101 SET character_set_client = @saved_cs_client */;

--
-- Dumping data for table `Plati`
--

LOCK TABLES `Plati` WRITE;
/*!40000 ALTER TABLE `Plati` DISABLE KEYS */;
/*!40000 ALTER TABLE `Plati` ENABLE KEYS */;
UNLOCK TABLES;

--
-- Table structure for table `Receptii`
--

DROP TABLE IF EXISTS `Receptii`;
/*!40101 SET @saved_cs_client     = @@character_set_client */;
/*!50503 SET character_set_client = utf8mb4 */;
CREATE TABLE `Receptii` (
  `id` int NOT NULL AUTO_INCREMENT,
  `idAngajament` int NOT NULL,
  `idFurnizor` int NOT NULL,
  `datafact` datetime(3) NOT NULL,
  `valoare` decimal(15,2) NOT NULL,
  `mentiuni` text COLLATE utf8mb4_unicode_ci,
  `stare` varchar(24) COLLATE utf8mb4_unicode_ci NOT NULL DEFAULT 'activ',
  `idCompartiment` int NOT NULL,
  `created_at` datetime NOT NULL DEFAULT CURRENT_TIMESTAMP,
  `updated_at` datetime(3) DEFAULT NULL,
  `nrfact` varchar(24) COLLATE utf8mb4_unicode_ci NOT NULL DEFAULT '-',
  PRIMARY KEY (`id`),
  KEY `Receptii_idAngajament_datafact_idx` (`idAngajament`,`datafact`),
  KEY `Receptii_idFurnizor_datafact_idx` (`idFurnizor`,`datafact`),
  KEY `Receptii_idCompartiment_datafact_idx` (`idCompartiment`,`datafact`),
  CONSTRAINT `Receptii_idAngajament_fkey` FOREIGN KEY (`idAngajament`) REFERENCES `Angajamente` (`id`) ON DELETE RESTRICT ON UPDATE CASCADE,
  CONSTRAINT `Receptii_idCompartiment_fkey` FOREIGN KEY (`idCompartiment`) REFERENCES `compartimente` (`id`) ON DELETE RESTRICT ON UPDATE CASCADE,
  CONSTRAINT `Receptii_idFurnizor_fkey` FOREIGN KEY (`idFurnizor`) REFERENCES `furnizori` (`id`) ON DELETE RESTRICT ON UPDATE CASCADE
) ENGINE=InnoDB AUTO_INCREMENT=21 DEFAULT CHARSET=utf8mb4 COLLATE=utf8mb4_unicode_ci;
/*!40101 SET character_set_client = @saved_cs_client */;

--
-- Dumping data for table `Receptii`
--

LOCK TABLES `Receptii` WRITE;
/*!40000 ALTER TABLE `Receptii` DISABLE KEYS */;
/*!40000 ALTER TABLE `Receptii` ENABLE KEYS */;
UNLOCK TABLES;

--
-- Table structure for table `ReceptiiOrdonantari`
--

DROP TABLE IF EXISTS `ReceptiiOrdonantari`;
/*!40101 SET @saved_cs_client     = @@character_set_client */;
/*!50503 SET character_set_client = utf8mb4 */;
CREATE TABLE `ReceptiiOrdonantari` (
  `id` int NOT NULL AUTO_INCREMENT,
  `idOrdonantare` int NOT NULL,
  `idReceptie` int NOT NULL,
  `created_at` datetime NOT NULL DEFAULT CURRENT_TIMESTAMP,
  PRIMARY KEY (`id`),
  UNIQUE KEY `ReceptiiOrdonantari_idOrdonantare_idReceptie_key` (`idOrdonantare`,`idReceptie`),
  KEY `ReceptiiOrdonantari_idReceptie_idx` (`idReceptie`),
  CONSTRAINT `ReceptiiOrdonantari_idOrdonantare_fkey` FOREIGN KEY (`idOrdonantare`) REFERENCES `OrdonantariPlata` (`id`) ON DELETE RESTRICT ON UPDATE CASCADE,
  CONSTRAINT `ReceptiiOrdonantari_idReceptie_fkey` FOREIGN KEY (`idReceptie`) REFERENCES `Receptii` (`id`) ON DELETE RESTRICT ON UPDATE CASCADE
) ENGINE=InnoDB AUTO_INCREMENT=16 DEFAULT CHARSET=utf8mb4 COLLATE=utf8mb4_unicode_ci;
/*!40101 SET character_set_client = @saved_cs_client */;

--
-- Dumping data for table `ReceptiiOrdonantari`
--

LOCK TABLES `ReceptiiOrdonantari` WRITE;
/*!40000 ALTER TABLE `ReceptiiOrdonantari` DISABLE KEYS */;
/*!40000 ALTER TABLE `ReceptiiOrdonantari` ENABLE KEYS */;
UNLOCK TABLES;

--
-- Table structure for table `regviza`
--

DROP TABLE IF EXISTS `regviza`;
/*!40101 SET @saved_cs_client     = @@character_set_client */;
/*!50503 SET character_set_client = utf8mb4 */;
CREATE TABLE `regviza` (
  `id` int NOT NULL AUTO_INCREMENT,
  `userid` int NOT NULL,
  `nume` varchar(40) COLLATE utf8mb4_unicode_ci NOT NULL,
  `nrviza` int NOT NULL,
  `nrvizac` varchar(12) COLLATE utf8mb4_unicode_ci NOT NULL,
  `dataviza` datetime(3) NOT NULL,
  `document` varchar(40) COLLATE utf8mb4_unicode_ci NOT NULL,
  `explicatii` varchar(80) COLLATE utf8mb4_unicode_ci NOT NULL,
  `compartiment` varchar(40) COLLATE utf8mb4_unicode_ci NOT NULL,
  `valoare` decimal(13,2) NOT NULL,
  `stare` varchar(12) COLLATE utf8mb4_unicode_ci NOT NULL,
  PRIMARY KEY (`id`)
) ENGINE=InnoDB AUTO_INCREMENT=25 DEFAULT CHARSET=utf8mb4 COLLATE=utf8mb4_unicode_ci;
/*!40101 SET character_set_client = @saved_cs_client */;

--
-- Dumping data for table `regviza`
--

LOCK TABLES `regviza` WRITE;
/*!40000 ALTER TABLE `regviza` DISABLE KEYS */;
/*!40000 ALTER TABLE `regviza` ENABLE KEYS */;
UNLOCK TABLES;

--
-- Table structure for table `sessions`
--

DROP TABLE IF EXISTS `sessions`;
/*!40101 SET @saved_cs_client     = @@character_set_client */;
/*!50503 SET character_set_client = utf8mb4 */;
CREATE TABLE `sessions` (
  `id` int NOT NULL AUTO_INCREMENT,
  `user_id` int NOT NULL,
  `start_time` datetime(3) NOT NULL DEFAULT CURRENT_TIMESTAMP(3),
  `end_time` datetime(3) DEFAULT NULL,
  `access_token` varchar(4000) COLLATE utf8mb4_unicode_ci DEFAULT NULL,
  `csrf_token` varchar(255) COLLATE utf8mb4_unicode_ci DEFAULT NULL,
  `ip_address` varchar(191) COLLATE utf8mb4_unicode_ci DEFAULT NULL,
  `updated_at` datetime(3) DEFAULT NULL,
  `sid` varchar(191) COLLATE utf8mb4_unicode_ci NOT NULL,
  `is_active` tinyint(1) NOT NULL,
  PRIMARY KEY (`id`),
  UNIQUE KEY `sid` (`sid`),
  KEY `sessions_user_id_fkey` (`user_id`),
  CONSTRAINT `sessions_user_id_fkey` FOREIGN KEY (`user_id`) REFERENCES `users` (`id`) ON DELETE CASCADE ON UPDATE CASCADE
) ENGINE=InnoDB AUTO_INCREMENT=243 DEFAULT CHARSET=utf8mb4 COLLATE=utf8mb4_unicode_ci;
/*!40101 SET character_set_client = @saved_cs_client */;

--
-- Dumping data for table `sessions`
--

LOCK TABLES `sessions` WRITE;
/*!40000 ALTER TABLE `sessions` DISABLE KEYS */;
/*!40000 ALTER TABLE `sessions` ENABLE KEYS */;
UNLOCK TABLES;

--
-- Table structure for table `sursefinantare`
--

DROP TABLE IF EXISTS `sursefinantare`;
/*!40101 SET @saved_cs_client     = @@character_set_client */;
/*!50503 SET character_set_client = utf8mb4 */;
CREATE TABLE `sursefinantare` (
  `id` int NOT NULL AUTO_INCREMENT,
  `denumire` varchar(255) COLLATE utf8mb4_unicode_ci NOT NULL,
  `cod` varchar(64) COLLATE utf8mb4_unicode_ci NOT NULL,
  `scurt` varchar(64) COLLATE utf8mb4_unicode_ci NOT NULL,
  `stare` varchar(24) COLLATE utf8mb4_unicode_ci DEFAULT 'activ',
  `created_at` datetime NOT NULL DEFAULT CURRENT_TIMESTAMP,
  `updated_at` datetime(3) DEFAULT NULL,
  PRIMARY KEY (`id`)
) ENGINE=InnoDB AUTO_INCREMENT=3 DEFAULT CHARSET=utf8mb4 COLLATE=utf8mb4_unicode_ci;
/*!40101 SET character_set_client = @saved_cs_client */;

--
-- Dumping data for table `sursefinantare`
--

LOCK TABLES `sursefinantare` WRITE;
/*!40000 ALTER TABLE `sursefinantare` DISABLE KEYS */;
INSERT INTO `sursefinantare` VALUES (1,'Venituri proprii','33.10.01','CASAOPSNAJ','activ','2024-10-19 08:49:55','2024-10-19 09:12:56.290'),(2,'TRANSFERURI','42.11.00','TRANSFERURI','activ','2024-10-20 16:12:50','2024-10-20 16:12:50.325');
/*!40000 ALTER TABLE `sursefinantare` ENABLE KEYS */;
UNLOCK TABLES;

--
-- Table structure for table `users`
--

DROP TABLE IF EXISTS `users`;
/*!40101 SET @saved_cs_client     = @@character_set_client */;
/*!50503 SET character_set_client = utf8mb4 */;
CREATE TABLE `users` (
  `id` int NOT NULL AUTO_INCREMENT,
  `name` varchar(255) COLLATE utf8mb4_unicode_ci NOT NULL,
  `password` varchar(255) COLLATE utf8mb4_unicode_ci NOT NULL,
  `avatar` varchar(1000) COLLATE utf8mb4_unicode_ci DEFAULT NULL,
  `permissions` varchar(4000) COLLATE utf8mb4_unicode_ci DEFAULT NULL,
  `first_name` varchar(255) COLLATE utf8mb4_unicode_ci NOT NULL,
  `last_name` varchar(255) COLLATE utf8mb4_unicode_ci NOT NULL,
  `role` enum('ADMIN','GENERAL','CFPP','RESPONSABIL','ECONOMIST','CONTABIL') COLLATE utf8mb4_unicode_ci NOT NULL DEFAULT 'GENERAL',
  `is_active` tinyint(1) NOT NULL DEFAULT '1',
  `last_login` datetime DEFAULT NULL,
  `created_at` datetime NOT NULL DEFAULT CURRENT_TIMESTAMP,
  `deleted_at` datetime DEFAULT NULL,
  `updated_at` datetime(3) DEFAULT NULL,
  PRIMARY KEY (`id`),
  UNIQUE KEY `name` (`name`)
) ENGINE=InnoDB AUTO_INCREMENT=20 DEFAULT CHARSET=utf8mb4 COLLATE=utf8mb4_unicode_ci;
/*!40101 SET character_set_client = @saved_cs_client */;

--
-- Dumping data for table `users`
--

LOCK TABLES `users` WRITE;
/*!40000 ALTER TABLE `users` DISABLE KEYS */;
INSERT INTO `users` VALUES (1,'admin','$argon2id$v=19$m=65536,t=3,p=4$GsIoVPcRc7wtNJ7RdZ4kaA$jaLDIERNLnJpIXTHVgI263vgWdxqEoEin+8YIvc4EaA',NULL,NULL,'Narcis','Brindusescu','ADMIN',1,'2025-01-06 13:53:29','2024-10-15 17:03:30',NULL,'2025-01-06 13:53:29.495'),(2,'samt','$argon2id$v=19$m=65536,t=3,p=4$Ak4RENZzPRc+3Xv/2cVxhA$yoGWDaNXL1AnSPP0/pn7txwaDDJM7OL+ll3bHcLHuhU',NULL,NULL,'Filofteia','Dodenciu','RESPONSABIL',1,'2024-12-04 17:07:50','2024-10-18 10:59:30',NULL,'2024-12-04 17:07:49.715'),(3,'cazarmare','$argon2id$v=19$m=65536,t=3,p=4$HzPelyA1JpAy/Y4NStEaDw$lUlJ86om/cLMDq88uMnjFyEhdbYTCWi88zA7UuNQ5jA',NULL,NULL,'Lucian','Pantazica','RESPONSABIL',1,'2025-01-03 17:40:16','2024-10-18 11:00:24',NULL,'2025-01-03 17:40:16.334'),(4,'cfpp1','$argon2id$v=19$m=65536,t=3,p=4$POfzuHsJvwZ5EhSUpgBduA$zGoctuG7z1FnwzdS6VGbVwNA6QndvRlEdxMcdrGy0LM',NULL,NULL,'Elena','Oprea','CFPP',1,'2025-01-06 14:30:18','2024-10-25 10:56:15',NULL,'2025-01-06 14:30:18.351'),(5,'decontari','$argon2id$v=19$m=65536,t=3,p=4$MUOyM2vp+b634VwfTynl9w$RK/LLuN73JKblutru7xYpYO75bN1ff2k7Sa9PuYcIGk',NULL,NULL,'Elena','Oprea','ECONOMIST',1,'2025-01-03 17:44:26','2024-12-21 14:30:02',NULL,'2025-01-03 17:44:26.151'),(6,'info','$argon2id$v=19$m=65536,t=3,p=4$UIPP0nqb45/kcxzw7hnZ+Q$4npzhcDBDi9GOVL/1m/k8+Q0eq2fOFX3GJ1lrM3QAQQ','1qaz!QAZ',NULL,'Narcis','Brindusescu','RESPONSABIL',1,NULL,'2025-01-04 10:37:42',NULL,'2025-01-04 10:37:41.614'),(7,'laborator','$argon2id$v=19$m=65536,t=3,p=4$3Ub7scrriUm9bE03Wh1OJQ$vzJKXHzWhbV2rPYbobnKHkW8RnoRkQUQJouZe/zddsc','2wsx@WSX',NULL,'Corina','Matei','RESPONSABIL',1,NULL,'2025-01-04 16:23:27',NULL,'2025-01-04 16:23:27.404'),(8,'alimente','$argon2id$v=19$m=65536,t=3,p=4$UiUs1eaqIo2WU9JjSpJVpA$Tgns1/Cc11BB/zqr6769wmqbQCsRvP4zETR1fAT3HtI','3edc#EDC',NULL,'Elena','Luca','RESPONSABIL',1,NULL,'2025-01-04 16:24:01',NULL,'2025-01-04 16:24:00.972'),(9,'farmacie','$argon2id$v=19$m=65536,t=3,p=4$lJ0EF5hPpJfTbcH9S7fEPg$KfO2yfMoY/WYuZRz4z5YaLOJDFShYUlq9lz+hbRpte0','4rfv$RFV',NULL,'Liliana','Badita','RESPONSABIL',1,'2025-01-05 14:25:25','2025-01-04 16:24:50',NULL,'2025-01-05 14:25:25.298'),(10,'instrumentar','$argon2id$v=19$m=65536,t=3,p=4$k2rZOjqcIm6LKYDawmWX7w$7Z1cNu64suaYzr5zDqfqe850mRyNGhoP+r/7S08O3bE','4rfv$RFV',NULL,'Liliana','Badita','RESPONSABIL',1,'2025-01-04 16:46:44','2025-01-04 16:25:19',NULL,'2025-01-04 16:46:43.812'),(11,'salarizare','$argon2id$v=19$m=65536,t=3,p=4$LXf8Iqc2HMvV94J91rzWpg$yyfQVIlFV/tT4tRrCJ6DbYcKs71xRgXRe5Q1JEbg3Ds','6yhn^YHN',NULL,'Adriana','Podaru','RESPONSABIL',1,NULL,'2025-01-04 16:25:57',NULL,'2025-01-04 16:25:57.369'),(12,'echipament','$argon2id$v=19$m=65536,t=3,p=4$Sh8HXnckg6NTQ1BxMJFM/Q$kxqIMfaj+QmScsXdfE7l+/jnCnF+foNruu5JyH53ZMw','5tgb%TGB',NULL,'Elena','Luca','RESPONSABIL',1,NULL,'2025-01-04 16:26:58',NULL,'2025-01-04 16:26:58.402'),(13,'bru','$argon2id$v=19$m=65536,t=3,p=4$xhXpcZzAGMYyecSMcOAKXQ$9G9q4j0X2gcdn5YBSGlV0/QFwur/P0okPm944Qkdg7c','7ujm&UJM',NULL,'Gheorghe','Rusu','RESPONSABIL',1,'2025-01-04 16:45:26','2025-01-04 16:27:27',NULL,'2025-01-04 16:45:25.533'),(14,'logistica','$argon2id$v=19$m=65536,t=3,p=4$udE6mQtzvyPtYRDU//hHng$ihhnJOrPFJNrInfOGM5SL499BmGbAY3Q+RIAn3E0YVQ','ZAQ!zaq1',NULL,'Ionut','Podaru','RESPONSABIL',1,NULL,'2025-01-04 16:28:32',NULL,'2025-01-04 16:28:32.147'),(15,'ram','$argon2id$v=19$m=65536,t=3,p=4$1/voSyQHZ7pn2WizyEBkyw$lsyBJfWF0PjeIPho/eg1HlHzA9em+rsgSfm1Xute4jc','XSW@xsw2',NULL,'Bianca','Preda','RESPONSABIL',1,NULL,'2025-01-04 16:29:09',NULL,'2025-01-04 16:29:09.342'),(16,'ssm','$argon2id$v=19$m=65536,t=3,p=4$szBcrYYVT8otZz/NeIhx6w$BKFxuStuUekJm00KfI1LMqrsxSHWHJwgcZWGbq03PWI','CDE#cde3',NULL,'Gabriel','Zidaru','RESPONSABIL',1,NULL,'2025-01-04 16:29:46',NULL,'2025-01-04 16:29:45.905'),(17,'rmc','$argon2id$v=19$m=65536,t=3,p=4$5v/ZNd2q9rjE5K2Xi/igDA$egf+0YmPXKo831uciVBbFD4N5Jw9eshKcKT6aWw5MWI','VFR$vfr4',NULL,'Mihaela','Gheorghe','RESPONSABIL',1,NULL,'2025-01-04 16:30:48',NULL,'2025-01-04 16:30:48.477'),(18,'securitate','$argon2id$v=19$m=65536,t=3,p=4$xYCuG1OEt0//1TGOfg1ATA$N3bzEAPtRz2+0u6GjW7UXMTws1AaABcJcY3YxAPg648','bgt5BGT%',NULL,'Cristian','Ghita','RESPONSABIL',1,NULL,'2025-01-04 16:31:39',NULL,'2025-01-04 16:31:38.586'),(19,'informatica','$argon2id$v=19$m=65536,t=3,p=4$PBwCrQ07j2Jm7xZHZ0Tnsw$YWZn6IGzm6uz8KoMpzi4iYYA2lSzRWT1Ty5Dul70v20','1qaz!QAZ',NULL,'Narcis','Brindusescu','RESPONSABIL',1,'2025-01-05 14:37:27','2025-01-04 16:34:15',NULL,'2025-01-05 14:37:26.740');
/*!40000 ALTER TABLE `users` ENABLE KEYS */;
UNLOCK TABLES;
/*!40103 SET TIME_ZONE=@OLD_TIME_ZONE */;

/*!40101 SET SQL_MODE=@OLD_SQL_MODE */;
/*!40014 SET FOREIGN_KEY_CHECKS=@OLD_FOREIGN_KEY_CHECKS */;
/*!40014 SET UNIQUE_CHECKS=@OLD_UNIQUE_CHECKS */;
/*!40101 SET CHARACTER_SET_CLIENT=@OLD_CHARACTER_SET_CLIENT */;
/*!40101 SET CHARACTER_SET_RESULTS=@OLD_CHARACTER_SET_RESULTS */;
/*!40101 SET COLLATION_CONNECTION=@OLD_COLLATION_CONNECTION */;
/*!40111 SET SQL_NOTES=@OLD_SQL_NOTES */;

-- Dump completed on 2025-01-06 17:04:34
